"os_id","contribution_date","name","address","country_code","country_name","lat","lng","sector","contributor (list)","number_of_workers","parent_company","processing_type_facility_type_raw","facility_type","processing_type","product_type","claim_created_at","claim_name_in_native_language","claim_company_website","claim_company_phone","claim_point_of_contact","claim_point_of_contact_email","claim_office_name","claim_office_address","claim_office_country_code","claim_office_phone_number","claim_description","claim_certifications_standards_regulations","claim_affiliations","claim_minimum_order_quantity","claim_average_lead_time","claim_female_workers_percentage","claim_industry_sectors","claim_location_types","claim_other_location_type","claim_product_types","claim_processing_types","claim_parent_company","claim_number_of_workers","claim_opening_date","claim_closing_date","claim_estimated_annual_throughput_kg_year","claim_energy_coal_j","claim_energy_natural_gas_j","claim_energy_diesel_j","claim_energy_kerosene_j","claim_energy_biomass_j","claim_energy_charcoal_j","claim_energy_animal_waste_j","claim_energy_electricity_mwh","claim_energy_other_j","is_closed","accord_inspections_and_remediation_program.rsc_presence","accord_inspections_and_remediation_program.first_inspection_date","amfori_compliance_status.bsci_audit.expiration_date","amfori_compliance_status.bsci_audit.submission_date","amfori_compliance_status.bepi_audit.expiration_date","amfori_compliance_status.bepi_audit.submission_date","amfori_compliance_status.environmental_risk_assessment.completion_date","amfori_compliance_status.environmental_risk_assessment.expiration_date","climate_trace_emissions.estimated_emissions","climate_trace_emissions.estimated_annual_throughput","climate_trace_emissions.emissions_model","estimated_emissions","labor_solutions_grievance_mechanism.wovo_active","labor_solutions_grievance_mechanism.wovo_active_date","labor_solutions_grievance_mechanism.thematic_coverage","labor_solutions_grievance_mechanism.mechanism_type_ownership","labor_solutions_grievance_mechanism.access_modality","labor_solutions_grievance_mechanism.coverage","rsc_grievance_mechanism.status","rsc_grievance_mechanism.thematic_coverage","rsc_grievance_mechanism.mechanism_type_ownership","rsc_grievance_mechanism.access_modality","rsc_grievance_mechanism.coverage","slcp_assessment.most_recent_assessment_status","slcp_assessment.most_recent_assessment_date","slcp_assessment.assessment_platform","slcp_assessment.verifier_body","slcp_assessment.slcp_facility_id","ulula_grievance_mechanism.status","ulula_grievance_mechanism.start_date","ulula_grievance_mechanism.end_date","ulula_grievance_mechanism.thematic_coverage","ulula_grievance_mechanism.mechanism_type_ownership","ulula_grievance_mechanism.access_modality","ulula_grievance_mechanism.coverage","worldly_assessment_data.fem_assessment.last_date","worldly_assessment_data.fem_assessment.reporting_year","worldly_assessment_data.fem_assessment.verification_status","wrap_certification.certification_status","wrap_certification.issue_date","wrap_certification.expiration_date","mit_living_wage.county_link","mit_living_wage.county_link_text","wage_indicator.living_wage_link_national","wage_indicator.living_wage_link_national_text","wage_indicator.minimum_wage_link_english","wage_indicator.minimum_wage_link_english_text","wage_indicator.minimum_wage_link_national","wage_indicator.minimum_wage_link_national_text"
"AU20242358E7E6S","2024-08-22","Vantiva Supply Chain Solutions - Braeside","9 DeHavilland Rd, Braeside, Victoria 3195","AU","Australia",-37.9866824,145.1002862,"Unspecified","A Brand / Retailer|An Auditor / Certification Scheme / Service Provider|A Civil Society Organization","","","","","","","","","","","","","","","","","","","","","","","","","","","","","","","","","","","","","","","","","","False","","","","","","","","","","","","","","","","","","","","","","","","","","","","","","","","","","","","","","","","","","","","https://mywage.org/australia/salary/living-wages","View Living Wages in national language","https://wageindicator.org/salary/minimum-wage/australia","View Minimum Wage in English","https://mywage.org/australia/salary/minimum-wage","View Minimum Wage in national language"
"AU2024235WCWS7C","2024-08-22","Vantiva Supply Chain Solutions - Prestons","68 Jedda Road, Prestons, New South Wales 2170","AU","Australia",-33.9351594,150.8854895,"Unspecified","A Brand / Retailer|An Auditor / Certification Scheme / Service Provider|A Civil Society Organization|A Civil Society Organization|The Walt Disney Company (The Walt Disney Company Facility List 2024)","","","","","","","","","","","","","","","","","","","","","","","","","","","","","","","","","","","","","","","","","","False","","","","","","","","","","","","","","","","","","","","","","","","","","","","","","","","","","","","","","","","","","","","https://mywage.org/australia/salary/living-wages","View Living Wages in national language","https://wageindicator.org/salary/minimum-wage/australia","View Minimum Wage in English","https://mywage.org/australia/salary/minimum-wage","View Minimum Wage in national language"
"BE20243252K0JVV","2024-11-20","DHL SUPPLY CHAIN (Belgium)","Oude Sluisweg (WIN) 32, 2880 Bornem, Antwerp, Flanders","BE","Belgium",51.1018236,4.3184941,"Food & Beverage","European Commission: TRACES – TRAde Control and Expert System [Public List]","","","","","","","","","","","","","","","","","","","","","","","","","","","","","","","","","","","","","","","","","","False","","","","","","","","","","","","","","","","","","","","","","","","","","","","","","","","","","","","","","","","","","","","https://wageindicator.org/nl-be/werk-in-belgie/leefbaar-loon","View Living Wages in national language","https://wageindicator.org/salary/minimum-wage/belgium","View Minimum Wage in English","https://votresalaire.be/salaire/salaire-minimum","View Minimum Wage in national language"
"BR20241214N9MRE","2024-04-29","SUPPLY CHAIN ARMAZÉS GERAIS LTDA. - Bateria de Silos (Silo Range)","RODOVIA BR 020 KM 18 S/N, Formosa, Goiás","BR","Brazil",-15.55611,-47.2008,"Agriculture|Commodities|Crop Production|Farming|Food Industry|Food Manufacturing|Storage","SICARM - Sistema de Cadastro National de Unidades Armazenadoras / National Registration System for Storage Units (SICARM) [Public List] (SICARM 6XL)|SICARM - Sistema de Cadastro National de Unidades Armazenadoras / National Registration System for Storage Units (SICARM) [Public List] (SICARM - Sistema de Cadastro National de Unidades Armazenadoras April 2024 Facility List - 2)|SICARM - Sistema de Cadastro National de Unidades Armazenadoras / National Registration System for Storage Units (SICARM) [Public List] (SICARM - 11)","","","Warehousing / Distribution, Storage, Silo Range, Bateria de Silos","","Storage|Warehousing Distribution|Bateria de Silos|Silo Range|Warehousing Distribution|Silo Range|Storage|Bateria de Silos|Bateria de Silos|Silo Range|Warehousing Distribution|Storage","","","","","","","","","","","","","","","","","","","","","","","","","","","","","","","","","","","","","False","","","","","","","","","","","","","","","","","","","","","","","","","","","","","","","","","","","","","","","","","","","","https://meusalario.org.br/salario-e-renda/salarios-dignos","View Living Wages in national language","https://wageindicator.org/salary/minimum-wage/brazil","View Minimum Wage in English","https://wageindicator.org/pt-br/trabalho-em-brasil/salario-minimo/","View Minimum Wage in national language"
"BR2024121QY49PR","2024-04-29","SUPPLY CHAIN ARMAZÉS GERAIS LTDA. - Convencional (Conventional)","RODOVIA BR 020 KM 18 S/N, Formosa, Goiás","BR","Brazil",-15.55654,-47.19892,"Agriculture|Commodities|Crop Production|Farming|Food Industry|Food Manufacturing|Storage","SICARM - Sistema de Cadastro National de Unidades Armazenadoras / National Registration System for Storage Units (SICARM) [Public List] (SICARM 7XL)|SICARM - Sistema de Cadastro National de Unidades Armazenadoras / National Registration System for Storage Units (SICARM) [Public List] (SICARM - Sistema de Cadastro National de Unidades Armazenadoras April 2024 Facility List - 2)|SICARM - Sistema de Cadastro National de Unidades Armazenadoras / National Registration System for Storage Units (SICARM) [Public List] (SICARM - 12)","","","Warehousing / Distribution, Storage","","Storage|Warehousing Distribution|Warehousing Distribution|Storage|Storage|Warehousing Distribution","","","","","","","","","","","","","","","","","","","","","","","","","","","","","","","","","","","","","False","","","","","","","","","","","","","","","","","","","","","","","","","","","","","","","","","","","","","","","","","","","","https://meusalario.org.br/salario-e-renda/salarios-dignos","View Living Wages in national language","https://wageindicator.org/salary/minimum-wage/brazil","View Minimum Wage in English","https://wageindicator.org/pt-br/trabalho-em-brasil/salario-minimo/","View Minimum Wage in national language"
"BR2025263H2ED5V","2025-09-20","SUPPLY CHAIN ARMAZENS GERAIS LTDA","FAZENDA RODOVIA BR 365 KM 442, FAZENDA SERROTE SERRA, GUIMARANIA - MG, 38730000","BR","Brazil",-18.7986549,-46.748523,"Warehousing","Brazil National Registry of Legal Entities / Brasil Cadastro Nacional de Pessoas Jurídicas (CNPJ) [Public List]","","","","","","","","","","","","","","","","","","","","","","","","","","","","","","","","","","","","","","","","","","False","","","","","","","","","","","","","","","","","","","","","","","","","","","","","","","","","","","","","","","","","","","","https://meusalario.org.br/salario-e-renda/salarios-dignos","View Living Wages in national language","https://wageindicator.org/salary/minimum-wage/brazil","View Minimum Wage in English","https://wageindicator.org/pt-br/trabalho-em-brasil/salario-minimo/","View Minimum Wage in national language"
"BR20252681T38WF","2025-09-25","UPGYM SUPPLEMENT SUPPLY CHAIN LTDA","RUA 2 DV SN, DIARIO VILLE 1, RIO CLARO - SP, 13503560","BR","Brazil",-22.4249173,-47.5835559,"Food|Food & Beverage|Food Industry|Food Manufacturing","Brazil National Registry of Legal Entities / Brasil Cadastro Nacional de Pessoas Jurídicas (CNPJ) [Public List]","","","","","","","","","","","","","","","","","","","","","","","","","","","","","","","","","","","","","","","","","","False","","","","","","","","","","","","","","","","","","","","","","","","","","","","","","","","","","","","","","","","","","","","https://meusalario.org.br/salario-e-renda/salarios-dignos","View Living Wages in national language","https://wageindicator.org/salary/minimum-wage/brazil","View Minimum Wage in English","https://wageindicator.org/pt-br/trabalho-em-brasil/salario-minimo/","View Minimum Wage in national language"
"BR2025293HERJ0M","2025-10-20","SUPPLY CHAIN SERVICOS LTDA","PRACA VERA CRUZ 00010, GALPAO, PENHA, RIO DE JANEIRO - RJ, 21020180","BR","Brazil",-22.8289788,-43.2741909,"Construction|Wholesale Trade","Brazil National Registry of Legal Entities / Brasil Cadastro Nacional de Pessoas Jurídicas (CNPJ) [Public List]","","","","","","","","","","","","","","","","","","","","","","","","","","","","","","","","","","","","","","","","","","False","","","","","","","","","","","","","","","","","","","","","","","","","","","","","","","","","","","","","","","","","","","","https://meusalario.org.br/salario-e-renda/salarios-dignos","View Living Wages in national language","https://wageindicator.org/salary/minimum-wage/brazil","View Minimum Wage in English","https://wageindicator.org/pt-br/trabalho-em-brasil/salario-minimo/","View Minimum Wage in national language"
"BR20252953S6W0B","2025-10-22","TECHWIND SUPPLY CHAIN SOLUTIONS LTDA","RUA CORONEL NOGUEIRA PADILHA 2595, GALPAO 17, VILA HORTENCIA, SOROCABA - SP, 18020000","BR","Brazil",-23.5133261,-47.42991259999999,"Manufacturing|Wholesale Trade","Brazil National Registry of Legal Entities / Brasil Cadastro Nacional de Pessoas Jurídicas (CNPJ) [Public List]","","","","","","","","","","","","","","","","","","","","","","","","","","","","","","","","","","","","","","","","","","False","","","","","","","","","","","","","","","","","","","","","","","","","","","","","","","","","","","","","","","","","","","","https://meusalario.org.br/salario-e-renda/salarios-dignos","View Living Wages in national language","https://wageindicator.org/salary/minimum-wage/brazil","View Minimum Wage in English","https://wageindicator.org/pt-br/trabalho-em-brasil/salario-minimo/","View Minimum Wage in national language"
"CA2024241DHR49P","2024-08-27","Seaforth Supply Chain Solution Inc.","7167 Progress Way V4G 1K8 Delta, Canada","CA","Canada",49.1339028,-123.0278695,"Food Industry|Trucking|Warehousing","Ecocert [Public List] (Ecocert [Canada] Facility List 3 - Aug 2024)|Ecocert [Public List] (Ecocert [Canada] Facility List 2 - Aug 2024)","","","Handler | Manufacturer | Processor","","Processor|Manufacturer|Handler"," Plants | Logistics | Processes| Derived Products ","","","","","","","","","","","","","","","","","","","","","","","","","","","","","","","","","","","","False","","","","","","","","","","","","","","","","","","","","","","","","","","","","","","","","","","","","","","","","","","","","https://mywage.ca/salary/living-wages","View Living Wages in national language","https://wageindicator.org/salary/minimum-wage/canada","View Minimum Wage in English","https://wageindicator.org/en-ca/work-in-canada/minimum-wage","View Minimum Wage in national language"
"CA202427506C07K","2024-10-01","Seaforth Supply Chain Solutions Inc","3676 Bainbridge Ave #5, Burnaby, BC V5A 2T4, Canada","CA","Canada",49.2514547,-122.9546954,"Unspecified","Canadian Importers Database (CID) [Public List]","","","","","","","","","","","","","","","","","","","","","","","","","","","","","","","","","","","","","","","","","","False","","","","","","","","","","","","","","","","","","","","","","","","","","","","","","","","","","","","","","","","","","","","https://mywage.ca/salary/living-wages","View Living Wages in national language","https://wageindicator.org/salary/minimum-wage/canada","View Minimum Wage in English","https://wageindicator.org/en-ca/work-in-canada/minimum-wage","View Minimum Wage in national language"
"CA20242752RRGHD","2024-10-01","Proactive Supply Chain Group","175 Claireville Dr, Etobicoke, ON M9W 6K9, Canada","CA","Canada",43.74501,-79.6281767,"Unspecified","Canadian Importers Database (CID) [Public List]","","","","","","","","","","","","","","","","","","","","","","","","","","","","","","","","","","","","","","","","","","False","","","","","","","","","","","","","","","","","","","","","","","","","","","","","","","","","","","","","","","","","","","","https://mywage.ca/salary/living-wages","View Living Wages in national language","https://wageindicator.org/salary/minimum-wage/canada","View Minimum Wage in English","https://wageindicator.org/en-ca/work-in-canada/minimum-wage","View Minimum Wage in national language"
"CA20242754PJS0Z","2024-10-01","Go Direct Supply Chain Solutions","460 Admiral Blvd, Mississauga, ON L5T 3A3, Canada","CA","Canada",43.6517608,-79.6910071,"Consumer Products|Unspecified|Wholesale Trade","Canada Open Database of Businesses (ODBus) [Public List]|Canadian Importers Database (CID) [Public List]","20-49","","","","","","","","","","","","","","","","","","","","","","","","","","","","","","","","","","","","","","","","","False","","","","","","","","","","","","","","","","","","","","","","","","","","","","","","","","","","","","","","","","","","","","https://mywage.ca/salary/living-wages","View Living Wages in national language","https://wageindicator.org/salary/minimum-wage/canada","View Minimum Wage in English","https://wageindicator.org/en-ca/work-in-canada/minimum-wage","View Minimum Wage in national language"
"CA20252372E64XG","2025-08-25","UPS - SUPPLY CHAIN SOLUTIONS","777 Creditstone Road, Vaughan ON L4K5R5","CA","Canada",43.8103812,-79.5192898,"Storage|Warehousing","Canada Open Database of Businesses (ODBus) [Public List]","100-499","","","","","","","","","","","","","","","","","","","","","","","","","","","","","","","","","","","","","","","","","False","","","","","","","","","","","","","","","","","","","","","","","","","","","","","","","","","","","","","","","","","","","","https://mywage.ca/salary/living-wages","View Living Wages in national language","https://wageindicator.org/salary/minimum-wage/canada","View Minimum Wage in English","https://wageindicator.org/en-ca/work-in-canada/minimum-wage","View Minimum Wage in national language"
"CA202523762RBMR","2025-08-25","METRO SUPPLY CHAIN GROUP","9 West Dr, Brampton ON L6T4T2","CA","Canada",43.69356519999999,-79.71005989999999,"Storage","Canada Open Database of Businesses (ODBus) [Public List]","100","","","","","","","","","","","","","","","","","","","","","","","","","","","","","","","","","","","","","","","","","False","","","","","","","","","","","","","","","","","","","","","","","","","","","","","","","","","","","","","","","","","","","","https://mywage.ca/salary/living-wages","View Living Wages in national language","https://wageindicator.org/salary/minimum-wage/canada","View Minimum Wage in English","https://wageindicator.org/en-ca/work-in-canada/minimum-wage","View Minimum Wage in national language"
"CA2025237APRYS8","2025-08-25","LEGACY SUPPLY CHAIN SERVICES - Brampton","1 Kenview Blvd Unit 210, Brampton ON L6T5E6","CA","Canada",43.7303978,-79.6528088,"Storage","Canada Open Database of Businesses (ODBus) [Public List]","33","","","","","","","","","","","","","","","","","","","","","","","","","","","","","","","","","","","","","","","","","False","","","","","","","","","","","","","","","","","","","","","","","","","","","","","","","","","","","","","","","","","","","","https://mywage.ca/salary/living-wages","View Living Wages in national language","https://wageindicator.org/salary/minimum-wage/canada","View Minimum Wage in English","https://wageindicator.org/en-ca/work-in-canada/minimum-wage","View Minimum Wage in national language"
"CN20201910W57R0","2020-07-09","ZHEJIANG GLORY SUPPLY CHAIN MANAGEMENT CO., LTD","4-2-5, No.199, Tongji Road, Jiangbei District, Ningbo City, Zhejiang Province, Ningbo","CN","China",29.886756,121.555227,"Apparel","Better Cotton (Better Cotton Initiative June 2020)","","","","","","","","","","","","","","","","","","","","","","","","","","","","","","","","","","","","","","","","","","False","","","","","","","","","","","","","","","","","","","","","","","","","","","","","","","","","","","","","","","","","","","","https://wageindicator.cn/salary/living-wages","View Living Wages in national language","https://wageindicator.org/salary/minimum-wage/china-custom","View Minimum Wage in English","https://wageindicator.cn/salary/minimumwagesinchina","View Minimum Wage in national language"
"CN2020191GXYP78","2020-07-09","Zhejiang Huabu Supply Chain Management Co., Ltd","10-2-39, No. 715, Changxing Road, Beijiang District, Ningbo","CN","China",29.868336,121.54399,"Apparel|Apparel Accessories|Unspecified","Kmart Australia (Kmart Australia Facility List Nov 2025)|JOG Group (Garcia, CHASIN', Jeans Centre) (JOG Group (Garcia, CHASIN', Jeans Centre) List 2026)|Better Cotton (Better Cotton Initiative June 2020)|Cotton made in Africa [Public List] (Cotton Made in Africa Facility Spinning Mills Fabric Producers List )|Worldly|An Auditor / Certification Scheme / Service Provider|A Brand / Retailer|A Brand / Retailer|A Brand / Retailer|A Brand / Retailer|MANGO (Mango Factory List 2024)|G-STAR RAW (G-Star Manufacturing List December 2024)","90|1-500|1-1000","ASI GLOBAL LIMITED","Manufacturing|Weaving","","Manufacturing|Weaving","Apparel Accessoires","","","","","","","","","","","","","","","","","","","","","","","","","","","","","","","","","","","","False","","","","","","","","","","","","","","","","","","","","","","","","","","","","","","","","","","","","","","","","","","","","https://wageindicator.cn/salary/living-wages","View Living Wages in national language","https://wageindicator.org/salary/minimum-wage/china-custom","View Minimum Wage in English","https://wageindicator.cn/salary/minimumwagesinchina","View Minimum Wage in national language"
"CN2020191ZFDT3R","2020-07-09","Guangzhou Jiafeng supply chain Science and Technology Partnership (Co., Ltd.)","Poly Zhongyu, Dasha Street, Guangzhou","CN","China",23.209343,113.28635,"Apparel","Better Cotton (Better Cotton Initiative June 2020)","","","","","","","","","","","","","","","","","","","","","","","","","","","","","","","","","","","","","","","","","","False","","","","","","","","","","","","","","","","","","","","","","","","","","","","","","","","","","","","","","","","","","","","https://wageindicator.cn/salary/living-wages","View Living Wages in national language","https://wageindicator.org/salary/minimum-wage/china-custom","View Minimum Wage in English","https://wageindicator.cn/salary/minimumwagesinchina","View Minimum Wage in national language"
"CN2021253CMSDCJ","2021-09-10","NINGBO PRIMARY SUPPLY CHAIN","535 1012# XINCHENG INT'L BUILDING, NINGBO","CN","China",29.868336,121.54399,"Apparel","Marisa [Public List] (Marisa 2021 International facility list)","","","","","","","","","","","","","","","","","","","","","","","","","","","","","","","","","","","","","","","","","","False","","","","","","","","","","","","","","","","","","","","","","","","","","","","","","","","","","","","","","","","","","","","https://wageindicator.cn/salary/living-wages","View Living Wages in national language","https://wageindicator.org/salary/minimum-wage/china-custom","View Minimum Wage in English","https://wageindicator.cn/salary/minimumwagesinchina","View Minimum Wage in national language"
"CN2021357HSQ2S1","2021-12-23","XIAMEN JUSTSUN SUPPLY CHAIN CO. LTD","UNIT 1803 NO. 165 EAST TAPU ROAD SIMING DISTRICT XIAMEN FUJAN 361008","CN","China",24.50082,118.19323,"Apparel","A Brand / Retailer|A Brand / Retailer|A Brand / Retailer|A Brand / Retailer|A Brand / Retailer|Wikirate International e.V.|A Brand / Retailer|A Brand / Retailer|A Brand / Retailer|Wikirate International e.V. (2020 Apparel Suppliers on Wikirate part 13)","210|210","","","","","","","","","","","","","","","","","","","","","","","","","","","","","","","","","","","","","","","","","False","","","","","","","","","","","","","","","","","","","","","","","","","","","","","","","","","","","","","","","","","","","","https://wageindicator.cn/salary/living-wages","View Living Wages in national language","https://wageindicator.org/salary/minimum-wage/china-custom","View Minimum Wage in English","https://wageindicator.cn/salary/minimumwagesinchina","View Minimum Wage in national language"
"CN2022053C2VGQF","2022-02-22","Shantou Jinzhipin Supply Chain Management","Room 01, Round Office, 3rd Floor, Building 1, Building 2, Section 5, Xiacai Village, West side of Fenghua Road, Waisha Town, Longhu District, Shantou city","CN","China",23.43207,116.75306,"Apparel","A Brand / Retailer","","","","","","","","","","","","","","","","","","","","","","","","","","","","","","","","","","","","","","","","","","False","","","","","","","","","","","","","","","","","","","","","","","","","","","","","","","","","","","","","","","","","","","","https://wageindicator.cn/salary/living-wages","View Living Wages in national language","https://wageindicator.org/salary/minimum-wage/china-custom","View Minimum Wage in English","https://wageindicator.cn/salary/minimumwagesinchina","View Minimum Wage in national language"
"CN2022077YZ4XSW","2022-03-18","Anqing Anjishuo Supply Chain Management Co., Ltd.","NO.5, ZHONGSHAN ROAD, DAQIAO DEVELOPMENT ZONE, ANQING, Anhui, 246000","CN","China",32.69908,116.72889,"Apparel|Footwear","A Brand / Retailer|A Brand / Retailer|A Brand / Retailer|A Brand / Retailer|Columbia Sportswear Company (Columbia Facility List February 2026)|Columbia Sportswear Company (Columbia Sportswear Company Facility List February 2026)|A Brand / Retailer|A Brand / Retailer|A Brand / Retailer|A Brand / Retailer|A Brand / Retailer|A Brand / Retailer|A Brand / Retailer|A Brand / Retailer|A Brand / Retailer|A Brand / Retailer|A Brand / Retailer|A Brand / Retailer|A Brand / Retailer|A Brand / Retailer|A Brand / Retailer","263|263","Anqing Anxin Sporting Goods Co., Ltd.|Anqing Anxin Sporting Goods Co., Ltd."," Embroidery | Cutting | Washing | Down Processing | Seam seal | Samples | Welding| Spinning | Finishing | Lamination | Knitting | Spraying | Coating | Packing | Printing | Injection Molding | Dyeing | Weaving | Sewing |Assembly ","","Packing|Embroidery|Weaving|Washing|Welding|Samples|Printing|Finishing|Dyeing|Spinning|Cutting|Seam seal|Knitting|Assembly|Lamination|Spraying|Sewing|Injection Molding|Coating|Down Processing|Injection Molding|Spraying|Spinning|Assembly|Coating|Finishing|Packing|Samples|Lamination|Cutting|Knitting|Weaving|Down Processing|Embroidery|Washing|Welding|Seam seal|Printing|Sewing|Dyeing","","","","","","","","","","","","","","","","","","","","","","","","","","","","","","","","","","","","","False","","","","","","","","","","","","","","","","","","","","","","","","","","","","","","","","","","","","","","","","","","","","https://wageindicator.cn/salary/living-wages","View Living Wages in national language","https://wageindicator.org/salary/minimum-wage/china-custom","View Minimum Wage in English","https://wageindicator.cn/salary/minimumwagesinchina","View Minimum Wage in national language"
"CN2022168Y81N02","2022-06-17","Zhongheng Supply Chain Co. Ltd","25Th Floor, Building 2, Xiqing United International Trade Center, Keqiao Town, Shaoxing City, Zhejiang, China","CN","China",29.7480699,120.55313,"Apparel","A Brand / Retailer|A Brand / Retailer|A Brand / Retailer","","","","","","","","","","","","","","","","","","","","","","","","","","","","","","","","","","","","","","","","","","False","","","","","","","","","","","","","","","","","","","","","","","","","","","","","","","","","","","","","","","","","","","","https://wageindicator.cn/salary/living-wages","View Living Wages in national language","https://wageindicator.org/salary/minimum-wage/china-custom","View Minimum Wage in English","https://wageindicator.cn/salary/minimumwagesinchina","View Minimum Wage in national language"
"CN20221748S85AV","2022-06-23","Anhui Yilong Supply Chain Management Co., Ltd.","No. 68, Fanxing Third Road, Guangwu Town, Jieshou City, Anhui Province, .","CN","China",33.37612,115.36862,"Apparel|Unspecified","JOG Group (Garcia, CHASIN', Jeans Centre) (JOG Group (Garcia, CHASIN', Jeans Centre) List 2026)|MANGO (MANGO 2025 Factory List)|A Brand / Retailer|New Look Retailers (New Look Beyond Tier 1 Factory List April 2023)|JOG Group (Garcia, CHASIN', Jeans Centre) (Garcia Support Office July 2024)|A Brand / Retailer|A Brand / Retailer|A Brand / Retailer|A Brand / Retailer|An Auditor / Certification Scheme / Service Provider|An Auditor / Certification Scheme / Service Provider|A Brand / Retailer","200|200","Anhui Yilong Supply Chain Management Co., Ltd.","Yarn Mill|spinning| yarn dyeing| yarn finishing|Yarn spinning|Raw Material Processing or Production, Ginning, Spinning, Twisting/Texturizing Facility","Raw Material Processing or Production","Ginning|Spinning|Raw Material Processing or Production|Twisting Texturizing Facility|Yarn spinning|Yarn Mill|yarn finishing|yarn dyeing|spinning","Woven Garments","","","","","","","","","","","","","","","","","","","","","","","","","","","","","","","","","","","","False","","","","","","","","","","","","","","","","","","","","","","","","","","","","","","","","","","","","","","","","","","","","https://wageindicator.cn/salary/living-wages","View Living Wages in national language","https://wageindicator.org/salary/minimum-wage/china-custom","View Minimum Wage in English","https://wageindicator.cn/salary/minimumwagesinchina","View Minimum Wage in national language"
"CN2022249X3J934","2022-09-06","Hangzhou Sinosky Supply Chain Management Co., Ltd.","Room 205, 2/F, Building 18,, No.18 Huzhou Street, Gongshu District,,","CN","China",30.3239045,120.1379808,"Apparel","An Auditor / Certification Scheme / Service Provider","","","","","","","","","","","","","","","","","","","","","","","","","","","","","","","","","","","","","","","","","","False","","","","","","","","","","","","","","","","","","","","","","","","","","","","","","","","","","","","","","","","","","","","https://wageindicator.cn/salary/living-wages","View Living Wages in national language","https://wageindicator.org/salary/minimum-wage/china-custom","View Minimum Wage in English","https://wageindicator.cn/salary/minimumwagesinchina","View Minimum Wage in national language"
"CN2022300ZW2W4Q","2022-10-27","Shenzhen Hatcher Supply Chain Co., Ltd.","Room 1302, B Unit of ABCD, No. 3 Building, Phase 1, Tian An Cloud Park, Gangtou Community, Bantian Sub-district, Longgang District,Shenzhen, Guangdong, China","CN","China",22.651414,114.067174,"Electronics","Fairphone [Public List] (Fairphone May 2022 Facility List)|A Brand / Retailer","","","","","","Packaging|Labels|Adhesives","","","","","","","","","","","","","","","","","","","","","","","","","","","","","","","","","","","","False","","","","","","","","","","","","","","","","","","","","","","","","","","","","","","","","","","","","","","","","","","","","https://wageindicator.cn/salary/living-wages","View Living Wages in national language","https://wageindicator.org/salary/minimum-wage/china-custom","View Minimum Wage in English","https://wageindicator.cn/salary/minimumwagesinchina","View Minimum Wage in national language"
"CN202233642MXSK","2022-12-02","Qingdao Jadary Supply Chain Service Limited Company","ROOM 209-101 ON THE SECOND FLOOR OF OFFICE BUILDING 43 BEIJING ROAD, QINGDAO BONDED PORT DISTRICT","CN","China",36.88576,120.49309,"Apparel","An Auditor / Certification Scheme / Service Provider","","","","","","","","","","","","","","","","","","","","","","","","","","","","","","","","","","","","","","","","","","False","","","","","","","","","","","","","","","","","","","","","","","","","","","","","","","","","","","","","","","","","","","","https://wageindicator.cn/salary/living-wages","View Living Wages in national language","https://wageindicator.org/salary/minimum-wage/china-custom","View Minimum Wage in English","https://wageindicator.cn/salary/minimumwagesinchina","View Minimum Wage in national language"
"CN2022336D4ZRS4","2022-12-02","Jiangsu Jicheng Supply Chain Management Co.,Ltd.","No.2 Xin'an South Road, Daitou Town","CN","China",31.48708,119.52897,"Apparel","An Auditor / Certification Scheme / Service Provider","","","","","","","","","","","","","","","","","","","","","","","","","","","","","","","","","","","","","","","","","","False","","","","","","","","","","","","","","","","","","","","","","","","","","","","","","","","","","","","","","","","","","","","https://wageindicator.cn/salary/living-wages","View Living Wages in national language","https://wageindicator.org/salary/minimum-wage/china-custom","View Minimum Wage in English","https://wageindicator.cn/salary/minimumwagesinchina","View Minimum Wage in national language"
"CN2022341ZW0WXK","2022-12-07","Shenzhen Qianhai Xuan Kai Supply Chain Finance Co.,Ltd.","2406,A Building,Zhongshen Garden,Caitian South Road,Futian District","CN","China",22.5316629,114.0687305,"Apparel","An Auditor / Certification Scheme / Service Provider","","","","","","","","","","","","","","","","","","","","","","","","","","","","","","","","","","","","","","","","","","False","","","","","","","","","","","","","","","","","","","","","","","","","","","","","","","","","","","","","","","","","","","","https://wageindicator.cn/salary/living-wages","View Living Wages in national language","https://wageindicator.org/salary/minimum-wage/china-custom","View Minimum Wage in English","https://wageindicator.cn/salary/minimumwagesinchina","View Minimum Wage in national language"
"CN20223500TRAXR","2022-12-14","Shanli Jewelry Supply Chain (Jiyuan) Limited Company","No.9 Building, Qinyuan Industrial Park Zone A,  China Silver City,  Qinyuan Community,  Jiyuan City, Henan  Province, China, 454650","CN","China",35.0670699,112.60273,"Apparel|Unspecified","A Brand / Retailer|A Brand / Retailer|A Brand / Retailer|A Brand / Retailer|Seasalt Ltd (Seasalt Ltd Tier 1 February 2024)|Seasalt Ltd (Seasalt)","300","","Manufacturing","Final Product Assembly","Manufacturing","","","","","","","","","","","","","","","","","","","","","","","","","","","","","","","","","","","","","False","","","","","","","","","","","","","","","","","","","","","","","","","","","","","","","","","","","","","","","","","","","","https://wageindicator.cn/salary/living-wages","View Living Wages in national language","https://wageindicator.org/salary/minimum-wage/china-custom","View Minimum Wage in English","https://wageindicator.cn/salary/minimumwagesinchina","View Minimum Wage in national language"
"CN2023060KQTEK3","2023-04-23","Jiangsu Zhimin Supply Chain Management Co., Ltd.","No. 4 Majing Road, Mocheng Town, Changshu, Jiangsu","CN","China",31.60548,120.72118,"Apparel|Unspecified","Jiangsu Zhimin Supply Chain Management Co., Ltd. (Jiangsu Zhimin Supply Chain Management Co., Ltd.)|Worldly|A Civil Society Organization|Social & Labor Convergence Program (SLCP) (Social & Labor Convergence Program List 2025)","91","NA","cutting&sewing","Final Product Assembly","Cutting","","","","","","","","","","","","","","","","","","","","","","","","","","","","","","","","","","","","","False","","","","","","","","","","","","","","","","","","","","","","","","","","","","","","","","","","","","","","","","","","","","https://wageindicator.cn/salary/living-wages","View Living Wages in national language","https://wageindicator.org/salary/minimum-wage/china-custom","View Minimum Wage in English","https://wageindicator.cn/salary/minimumwagesinchina","View Minimum Wage in national language"
"CN2023062E7NZR1","2023-03-03","Huai’an Reo-Eco Supply Chain Co.,Ltd.","Room 302, REO-ECO Building, 28 Nanhai Road, Hongze Economic Development Zone","CN","China",23.0288199,113.14278,"Apparel","An Auditor / Certification Scheme / Service Provider|An Auditor / Certification Scheme / Service Provider","","","","","","","","","","","","","","","","","","","","","","","","","","","","","","","","","","","","","","","","","","False","","","","","","","","","","","","","","","","","","","","","","","","","","","","","","","","","","","","","","","","","","","","https://wageindicator.cn/salary/living-wages","View Living Wages in national language","https://wageindicator.org/salary/minimum-wage/china-custom","View Minimum Wage in English","https://wageindicator.cn/salary/minimumwagesinchina","View Minimum Wage in national language"
"CN2023063M1PF72","2023-03-04","CQC Supply Chain Management Co., Ltd.","204-1, 2nd Floor, 5# Building, Yudian Garden, 39 Dingrong Road, Fengze","CN","China",24.92121,118.63108,"Apparel","An Auditor / Certification Scheme / Service Provider|Benetton Group (2024 Benetton suppliers list)","","","SPINNING","Raw Material Processing or Production","Spinning","","","","","","","","","","","","","","","","","","","","","","","","","","","","","","","","","","","","","False","","","","","","","","","","","","","","","","","","","","","","","","","","","","","","","","","","","","","","","","","","","","https://wageindicator.cn/salary/living-wages","View Living Wages in national language","https://wageindicator.org/salary/minimum-wage/china-custom","View Minimum Wage in English","https://wageindicator.cn/salary/minimumwagesinchina","View Minimum Wage in national language"
"CN2023063MW833Z","2023-03-04","EVER-GLORY SUPPLY CHAIN SERVICE CO., LTD.","509 Chengxin Road,Jiangning Development Zone","CN","China",31.9526599,118.84002,"Apparel","An Auditor / Certification Scheme / Service Provider","","","","","","","","","","","","","","","","","","","","","","","","","","","","","","","","","","","","","","","","","","False","","","","","","","","","","","","","","","","","","","","","","","","","","","","","","","","","","","","","","","","","","","","https://wageindicator.cn/salary/living-wages","View Living Wages in national language","https://wageindicator.org/salary/minimum-wage/china-custom","View Minimum Wage in English","https://wageindicator.cn/salary/minimumwagesinchina","View Minimum Wage in national language"
"CN2023064CPM8RR","2023-03-05","Foshan Maosutong Supply Chain Management Co., Ltd.","Room 2, 3rd Building, No.28, 7th lane, Huancheng Street, Hecheng Town, Gaoming District","CN","China",22.702644,112.499607,"Apparel","An Auditor / Certification Scheme / Service Provider","","","","","","","","","","","","","","","","","","","","","","","","","","","","","","","","","","","","","","","","","","False","","","","","","","","","","","","","","","","","","","","","","","","","","","","","","","","","","","","","","","","","","","","https://wageindicator.cn/salary/living-wages","View Living Wages in national language","https://wageindicator.org/salary/minimum-wage/china-custom","View Minimum Wage in English","https://wageindicator.cn/salary/minimumwagesinchina","View Minimum Wage in national language"
"CN2023064EB05FF","2023-03-05","FUJIAN QUANZHOU JUSTSUN SUPPLY CHAIN CO., LTD","UNIT 1803, 18 FLOOR, NO. 8, BUILDING, NO. 165 EAST TAPU ROAD, SIMING DISTRICT","CN","China",24.4457899,118.08243,"Apparel","An Auditor / Certification Scheme / Service Provider","","","","","","","","","","","","","","","","","","","","","","","","","","","","","","","","","","","","","","","","","","False","","","","","","","","","","","","","","","","","","","","","","","","","","","","","","","","","","","","","","","","","","","","https://wageindicator.cn/salary/living-wages","View Living Wages in national language","https://wageindicator.org/salary/minimum-wage/china-custom","View Minimum Wage in English","https://wageindicator.cn/salary/minimumwagesinchina","View Minimum Wage in national language"
"CN2023064KE5SPQ","2023-03-05","Guang Zhou Li Qi Supply Chain Co., Ltd","Room 102, No. 6 Of Nan Ya Rd, Nancun Town, Panyu District, Guangzhou City Nancun Town, 511442 , Guangdong Sheng, China","CN","China",23.01371,113.37323,"Apparel","An Auditor / Certification Scheme / Service Provider","","","","","","","","","","","","","","","","","","","","","","","","","","","","","","","","","","","","","","","","","","False","","","","","","","","","","","","","","","","","","","","","","","","","","","","","","","","","","","","","","","","","","","","https://wageindicator.cn/salary/living-wages","View Living Wages in national language","https://wageindicator.org/salary/minimum-wage/china-custom","View Minimum Wage in English","https://wageindicator.cn/salary/minimumwagesinchina","View Minimum Wage in national language"
"CN2023065BV33EX","2023-03-06","LVYUN SUPPLY CHAIN MANAGEMENT (TIANJIN) CO., LTD. site1","No.5.KAIFANG ROAD. No. 5, KAIFANG ROAD, WEST COAST COMPREHENSIVE BONDED ZONE,","CN","China",35.86166,104.195397,"Apparel","An Auditor / Certification Scheme / Service Provider","","","","","","","","","","","","","","","","","","","","","","","","","","","","","","","","","","","","","","","","","","False","","","","","","","","","","","","","","","","","","","","","","","","","","","","","","","","","","","","","","","","","","","","https://wageindicator.cn/salary/living-wages","View Living Wages in national language","https://wageindicator.org/salary/minimum-wage/china-custom","View Minimum Wage in English","https://wageindicator.cn/salary/minimumwagesinchina","View Minimum Wage in national language"
"CN2023065BZX6J2","2023-03-06","Qingdao Jadary Supply Chain Service Limited Company","7-3-505, Tianan Digital City, No. 88 Chunyang Road, Chengyang District 266109 Qingdao, Shandong Province, China","CN","China",36.315,120.4234,"Apparel","An Auditor / Certification Scheme / Service Provider","","","","","","","","","","","","","","","","","","","","","","","","","","","","","","","","","","","","","","","","","","False","","","","","","","","","","","","","","","","","","","","","","","","","","","","","","","","","","","","","","","","","","","","https://wageindicator.cn/salary/living-wages","View Living Wages in national language","https://wageindicator.org/salary/minimum-wage/china-custom","View Minimum Wage in English","https://wageindicator.cn/salary/minimumwagesinchina","View Minimum Wage in national language"
"CN2023066D6EKQF","2023-03-07","Sumec International Supply Chain Management (Nanjing) Co., Ltd.","Floor 23, No. 68 Yunlongshan Road, Jianye District,","CN","China",31.99118,118.73927,"Apparel","An Auditor / Certification Scheme / Service Provider","","","","","","","","","","","","","","","","","","","","","","","","","","","","","","","","","","","","","","","","","","False","","","","","","","","","","","","","","","","","","","","","","","","","","","","","","","","","","","","","","","","","","","","https://wageindicator.cn/salary/living-wages","View Living Wages in national language","https://wageindicator.org/salary/minimum-wage/china-custom","View Minimum Wage in English","https://wageindicator.cn/salary/minimumwagesinchina","View Minimum Wage in national language"
"CN2023066DA15XY","2023-03-07","SHENZHEN BEFORE THE PORCH XUANKAI FINANCIAL SUPPLY CHAIN CO., LTD.","0702-A033, Port Building, Maritime Center, No. 59, Linhai Avenue, Nanshan Street, Qianhai Shenzhen Hong Kong Cooperation Zone","CN","China",22.50128,113.884659,"Apparel","An Auditor / Certification Scheme / Service Provider","","","","","","","","","","","","","","","","","","","","","","","","","","","","","","","","","","","","","","","","","","False","","","","","","","","","","","","","","","","","","","","","","","","","","","","","","","","","","","","","","","","","","","","https://wageindicator.cn/salary/living-wages","View Living Wages in national language","https://wageindicator.org/salary/minimum-wage/china-custom","View Minimum Wage in English","https://wageindicator.cn/salary/minimumwagesinchina","View Minimum Wage in national language"
"CN2023066EX7DRV","2023-03-07","SeeWorld (Jiangsu) Supply Chain Management Co., Ltd. (Nantong)","Mapletree Nantong (EDZ) LOGISTICS Park, No. 20, Jiqing Road, Nantong Economic Development Zone","CN","China",31.93047,120.99041,"Apparel","An Auditor / Certification Scheme / Service Provider","","","","","","","","","","","","","","","","","","","","","","","","","","","","","","","","","","","","","","","","","","False","","","","","","","","","","","","","","","","","","","","","","","","","","","","","","","","","","","","","","","","","","","","https://wageindicator.cn/salary/living-wages","View Living Wages in national language","https://wageindicator.org/salary/minimum-wage/china-custom","View Minimum Wage in English","https://wageindicator.cn/salary/minimumwagesinchina","View Minimum Wage in national language"
"CN2023066R8H8DA","2023-03-07","Seeworld (Jiangsu) Supply Chain Management Co., Ltd. (Suzhou)","DOOR NO.26, NO.4 POULOS LOGISTICS PARK, 8815 DONGSHAN AVENUE","CN","China",35.86166,104.195397,"Apparel","An Auditor / Certification Scheme / Service Provider","","","","","","","","","","","","","","","","","","","","","","","","","","","","","","","","","","","","","","","","","","False","","","","","","","","","","","","","","","","","","","","","","","","","","","","","","","","","","","","","","","","","","","","https://wageindicator.cn/salary/living-wages","View Living Wages in national language","https://wageindicator.org/salary/minimum-wage/china-custom","View Minimum Wage in English","https://wageindicator.cn/salary/minimumwagesinchina","View Minimum Wage in national language"
"CN20230675RR9DG","2023-03-08","Xiamen Dream Supply Chain Co.,Ltd.","No.0539, Unit 109 Software Park Phase III, No.62, Chengyibei Street, Jimei District","CN","China",24.5759099,118.0972799,"Apparel","An Auditor / Certification Scheme / Service Provider","","","","","","","","","","","","","","","","","","","","","","","","","","","","","","","","","","","","","","","","","","False","","","","","","","","","","","","","","","","","","","","","","","","","","","","","","","","","","","","","","","","","","","","https://wageindicator.cn/salary/living-wages","View Living Wages in national language","https://wageindicator.org/salary/minimum-wage/china-custom","View Minimum Wage in English","https://wageindicator.cn/salary/minimumwagesinchina","View Minimum Wage in national language"
"CN2023068N581Y7","2023-03-09","Hangzhou Cloth Seller Supply Chain Management Co., Ltd.","175 Dangke Road, Guali Town, Xiaoshan District, Hangzhou City, 311241, Zhejiang Province, China","CN","China",30.16201,120.51111,"Apparel","An Auditor / Certification Scheme / Service Provider|An Auditor / Certification Scheme / Service Provider","","","","","","","","","","","","","","","","","","","","","","","","","","","","","","","","","","","","","","","","","","False","","","","","","","","","","","","","","","","","","","","","","","","","","","","","","","","","","","","","","","","","","","","https://wageindicator.cn/salary/living-wages","View Living Wages in national language","https://wageindicator.org/salary/minimum-wage/china-custom","View Minimum Wage in English","https://wageindicator.cn/salary/minimumwagesinchina","View Minimum Wage in national language"
"CN20231294S3JWJ","2023-05-09","Suzhou Uber Clan Supply Chain Management Services Co., Ltd.","No. 3285, Yuanqu Road, Bali Village,  Shengze Town, Wujiang District, Suzhou City, 215228, Jiangsu Province, China","CN","China",30.86979,120.64452,"Apparel","An Auditor / Certification Scheme / Service Provider","","","","","","","","","","","","","","","","","","","","","","","","","","","","","","","","","","","","","","","","","","False","","","","","","","","","","","","","","","","","","","","","","","","","","","","","","","","","","","","","","","","","","","","https://wageindicator.cn/salary/living-wages","View Living Wages in national language","https://wageindicator.org/salary/minimum-wage/china-custom","View Minimum Wage in English","https://wageindicator.cn/salary/minimumwagesinchina","View Minimum Wage in national language"
"CN2023137NAZEH0","2023-05-17","SHENZHEN ZHENGSANCHUAN SUPPLY CHAIN MANAGEMENT CO., LTD","1702A, LIANTAI BUILDING, NO.3 ZIZHU 6TH AVENUE, ZHULIN COMMUNITY, XIANGMIHU STREET, FUTIAN DISTRICT, SHENZHEN CITY, 518040 GUANGDONG PROVINCE, CHINA","CN","China",22.5448704,114.0414775,"Apparel","An Auditor / Certification Scheme / Service Provider","","","","","","","","","","","","","","","","","","","","","","","","","","","","","","","","","","","","","","","","","","False","","","","","","","","","","","","","","","","","","","","","","","","","","","","","","","","","","","","","","","","","","","","https://wageindicator.cn/salary/living-wages","View Living Wages in national language","https://wageindicator.org/salary/minimum-wage/china-custom","View Minimum Wage in English","https://wageindicator.cn/salary/minimumwagesinchina","View Minimum Wage in national language"
"CN20231392KR4C2","2023-05-19","Hangzhou Luoyun fenran Supply Chain Management Co.,Ltd","Room 3203, building 3, Mixc, Jianggan District, Hangzhou City, 310016, Zhejiang Province, China","CN","China",30.252031,120.21466,"Apparel","An Auditor / Certification Scheme / Service Provider","","","","","","","","","","","","","","","","","","","","","","","","","","","","","","","","","","","","","","","","","","False","","","","","","","","","","","","","","","","","","","","","","","","","","","","","","","","","","","","","","","","","","","","https://wageindicator.cn/salary/living-wages","View Living Wages in national language","https://wageindicator.org/salary/minimum-wage/china-custom","View Minimum Wage in English","https://wageindicator.cn/salary/minimumwagesinchina","View Minimum Wage in national language"
"CN2023146B6V4F2","2023-05-26","Jiangsu Hengjia Supply Chain  Management Co., Ltd.","Room 1605, Huajian Building, No. 113, West Shazhou Road, Yangshe Town,  Zhangjiagang City, Jiangsu Province, China","CN","China",31.86849,120.51366,"Apparel","An Auditor / Certification Scheme / Service Provider","","","","","","","","","","","","","","","","","","","","","","","","","","","","","","","","","","","","","","","","","","False","","","","","","","","","","","","","","","","","","","","","","","","","","","","","","","","","","","","","","","","","","","","https://wageindicator.cn/salary/living-wages","View Living Wages in national language","https://wageindicator.org/salary/minimum-wage/china-custom","View Minimum Wage in English","https://wageindicator.cn/salary/minimumwagesinchina","View Minimum Wage in national language"
"CN20231659HQAFE","2023-06-14","Baiyun Supply Chain Management (Tianjin) Co., Ltd.","ROOM 301, No. 29 OFFICE BUILDING, YUANHANG ROAD, TIANJIN PILOT FREE TRADE ZONE (AIRPORT ECONOMIC ZONE)","CN","China",39.110389,117.4035032,"Apparel","An Auditor / Certification Scheme / Service Provider","","","","","","","","","","","","","","","","","","","","","","","","","","","","","","","","","","","","","","","","","","False","","","","","","","","","","","","","","","","","","","","","","","","","","","","","","","","","","","","","","","","","","","","https://wageindicator.cn/salary/living-wages","View Living Wages in national language","https://wageindicator.org/salary/minimum-wage/china-custom","View Minimum Wage in English","https://wageindicator.cn/salary/minimumwagesinchina","View Minimum Wage in national language"
"CN2023165G2WV1E","2023-06-14","GUANGDONG ZHIJIE SUPPLY CHAIN MANAGEMENT CO. LTD","ROOM 101, BUILDING 3, NO. 1, MINYE STREET, TANGXIA TOWN, DONGGUAN CITY, 523710, GUANGDONG PROVINCE, CHINA","CN","China",22.806965,114.072575,"Apparel","An Auditor / Certification Scheme / Service Provider","","","","","","","","","","","","","","","","","","","","","","","","","","","","","","","","","","","","","","","","","","False","","","","","","","","","","","","","","","","","","","","","","","","","","","","","","","","","","","","","","","","","","","","https://wageindicator.cn/salary/living-wages","View Living Wages in national language","https://wageindicator.org/salary/minimum-wage/china-custom","View Minimum Wage in English","https://wageindicator.cn/salary/minimumwagesinchina","View Minimum Wage in national language"
"CN2023199STZ9JR","2023-07-18","JIANGSU HONGHUA FLEXIBLE SUPPLY CHAIN CO. , LTD","No. 889, Shengze Avenue, Shengze Town, Wujiang District,SUZHOU Jiangsu CHINA","CN","China",30.905922,120.670142,"Apparel","An Auditor / Certification Scheme / Service Provider|An Auditor / Certification Scheme / Service Provider|An Auditor / Certification Scheme / Service Provider","","","","","","","","","","","","","","","","","","","","","","","","","","","","","","","","","","","","","","","","","","False","","","","","","","","","","","","","","","","","","","","","","","","","","","","","","","","","","","","","","","","","","","","https://wageindicator.cn/salary/living-wages","View Living Wages in national language","https://wageindicator.org/salary/minimum-wage/china-custom","View Minimum Wage in English","https://wageindicator.cn/salary/minimumwagesinchina","View Minimum Wage in national language"
"CN2023216FDHKJK","2023-08-04","JIOVANCE SUPPLY CHAIN MANAGEMENT (DONGGUANG) CO., LTD.","ROOM 252, NO. 143, LIANSHENG ROAD, HUMEN TOWN, DONGGUAN CITY, GUANGDONG PROVINCE HUMEN TOWN, 523899 GUANGDONG SHENG, CHINA","CN","China",22.8328523,113.6825994,"Apparel","An Auditor / Certification Scheme / Service Provider","","","","","","","","","","","","","","","","","","","","","","","","","","","","","","","","","","","","","","","","","","False","","","","","","","","","","","","","","","","","","","","","","","","","","","","","","","","","","","","","","","","","","","","https://wageindicator.cn/salary/living-wages","View Living Wages in national language","https://wageindicator.org/salary/minimum-wage/china-custom","View Minimum Wage in English","https://wageindicator.cn/salary/minimumwagesinchina","View Minimum Wage in national language"
"CN2023238C2TFEA","2023-08-26","Jiangsu Hantang Beyond Supply Chain Management Co., Ltd.","Floor 15, No. 100 Jianye Road, Qinhuai District,","CN","China",32.03249,118.77524,"Apparel","An Auditor / Certification Scheme / Service Provider","","","","","","","","","","","","","","","","","","","","","","","","","","","","","","","","","","","","","","","","","","False","","","","","","","","","","","","","","","","","","","","","","","","","","","","","","","","","","","","","","","","","","","","https://wageindicator.cn/salary/living-wages","View Living Wages in national language","https://wageindicator.org/salary/minimum-wage/china-custom","View Minimum Wage in English","https://wageindicator.cn/salary/minimumwagesinchina","View Minimum Wage in national language"
"CN20232848VPRE5","2023-10-11","Dongguan HZ Creative Supply Chain Co., Ltd","Room 101, No. 5, Dongliu Lane, Qingxin Road, Qingxi Town,  Dongguan City, 523650,  Guangdong Province, China","CN","China",22.79911,114.17121,"Apparel","An Auditor / Certification Scheme / Service Provider","","","","","","","","","","","","","","","","","","","","","","","","","","","","","","","","","","","","","","","","","","False","","","","","","","","","","","","","","","","","","","","","","","","","","","","","","","","","","","","","","","","","","","","https://wageindicator.cn/salary/living-wages","View Living Wages in national language","https://wageindicator.org/salary/minimum-wage/china-custom","View Minimum Wage in English","https://wageindicator.cn/salary/minimumwagesinchina","View Minimum Wage in national language"
"CN2023284JBDHPQ","2023-10-11","Anhui Vertical Home Textile Supply Chain Co., Ltd","Inside of Shunting New Building Materials Co., Ltd., West of Chizhou Avenue, Jiangnan Industrial  Concentration Zone, Chizhou City, 247100,  Anhui Province, China","CN","China",30.7296893,117.6436534,"Apparel","An Auditor / Certification Scheme / Service Provider","","","","","","","","","","","","","","","","","","","","","","","","","","","","","","","","","","","","","","","","","","False","","","","","","","","","","","","","","","","","","","","","","","","","","","","","","","","","","","","","","","","","","","","https://wageindicator.cn/salary/living-wages","View Living Wages in national language","https://wageindicator.org/salary/minimum-wage/china-custom","View Minimum Wage in English","https://wageindicator.cn/salary/minimumwagesinchina","View Minimum Wage in national language"
"CN2023286KTCW96","2023-03-06","LVYUN SUPPLY CHAIN MANAGEMENT (TIANJIN) CO., LTD.","Room 208-1, No. 199 Chengdu Road, Tianjin Pilot Free Trade Zone (Dongjiang Comprehensive Bonded Zone)","CN","China",39.0850999,117.19937,"Apparel","An Auditor / Certification Scheme / Service Provider|An Auditor / Certification Scheme / Service Provider","","","","","","","","","","","","","","","","","","","","","","","","","","","","","","","","","","","","","","","","","","False","","","","","","","","","","","","","","","","","","","","","","","","","","","","","","","","","","","","","","","","","","","","https://wageindicator.cn/salary/living-wages","View Living Wages in national language","https://wageindicator.org/salary/minimum-wage/china-custom","View Minimum Wage in English","https://wageindicator.cn/salary/minimumwagesinchina","View Minimum Wage in national language"
"CN202329218FZXS","2023-10-19","Ztt Adp Supply Chain Management Co. Ltd.","Room 1903, Building 10, Hi-Shanghai Mansion No.990 Dalian Road 200082 Shanghai China","CN","China",31.230416,121.473701,"Agriculture|Food|Food & Beverage|Food Manufacturing","An Auditor / Certification Scheme / Service Provider|Roundtable on Sustainable Palm Oil (RSPO) [Public List] (Roundtable on Sustainable Palm Oil September 2022)","","ZTT ADP Supply Chain Management Co. Ltd.","","","","","","","","","","","","","","","","","","","","","","","","","","","","","","","","","","","","","","","","False","","","","","","","","","","","","","","","","","","","","","","","","","","","","","","","","","","","","","","","","","","","","https://wageindicator.cn/salary/living-wages","View Living Wages in national language","https://wageindicator.org/salary/minimum-wage/china-custom","View Minimum Wage in English","https://wageindicator.cn/salary/minimumwagesinchina","View Minimum Wage in national language"
"CN2023328KTEVWQ","2023-11-24","Putian Linchen Supply Chain Co. LTD","No.6881, Tianfei Road, Licheng District, Putian City, Fujian Sheng, CN-FJ, China, CN","CN","China",25.40336,119.03818,"Apparel","An Auditor / Certification Scheme / Service Provider","","","","","","","","","","","","","","","","","","","","","","","","","","","","","","","","","","","","","","","","","","False","","","","","","","","","","","","","","","","","","","","","","","","","","","","","","","","","","","","","","","","","","","","https://wageindicator.cn/salary/living-wages","View Living Wages in national language","https://wageindicator.org/salary/minimum-wage/china-custom","View Minimum Wage in English","https://wageindicator.cn/salary/minimumwagesinchina","View Minimum Wage in national language"
"CN2023329093WJ0","2023-11-25","LVYUN SUPPLY CHAIN MANAGEMENT (TIANJIN) CO., LTD. site1","INSIDE NO.1 LUOHE ROAD,QINGDAO-JIAOZHOU-SHEUNGHO DEMONSTRATION ZONE","CN","China",36.2644499,120.0335399,"Apparel","An Auditor / Certification Scheme / Service Provider","","","","","","","","","","","","","","","","","","","","","","","","","","","","","","","","","","","","","","","","","","False","","","","","","","","","","","","","","","","","","","","","","","","","","","","","","","","","","","","","","","","","","","","https://wageindicator.cn/salary/living-wages","View Living Wages in national language","https://wageindicator.org/salary/minimum-wage/china-custom","View Minimum Wage in English","https://wageindicator.cn/salary/minimumwagesinchina","View Minimum Wage in national language"
"CN2023329CAWAEG","2023-11-25","Quanzhou Kingstar Supply Chain Management Co.,Ltd","Level 2, Block 2# Chongyi Street, Quanzhou Ec. & Tech. Development Zone,","CN","China",24.8740499,118.67583,"Apparel|Textiles|Unspecified","A Civil Society Organization|A Civil Society Organization|Partnership for Sustainable Textiles (PST) (PST Aug 2025 - Q-Z)|A Civil Society Organization|A Civil Society Organization|A Multi-Stakeholder Initiative|A Multi-Stakeholder Initiative|A Multi-Stakeholder Initiative|A Multi-Stakeholder Initiative|Kaufland [Public List] (Kaufland Facility List)|A Multi-Stakeholder Initiative|The Warehouse [Public List] (The Warehouse 2019 facility list)|A Multi-Stakeholder Initiative|A Multi-Stakeholder Initiative|A Multi-Stakeholder Initiative|A Multi-Stakeholder Initiative|A Civil Society Organization|A Civil Society Organization|A Multi-Stakeholder Initiative|A Multi-Stakeholder Initiative|A Civil Society Organization|A Civil Society Organization|A Multi-Stakeholder Initiative|An Auditor / Certification Scheme / Service Provider","48","","Cutting|Manufacturing|Packaging|Sewing","Final Product Assembly|Final Product Assembly|Final Product Assembly|Final Product Assembly","Sewing|Cutting|Packaging|Manufacturing","underwear","","","","","","","","","","","","","","","","","","","","","","","","","","","","","","","","","","","","False","","","","","","","","","","","","","","","","","","","","","","","","","","","","","","","","","","","","","","","","","","","","https://wageindicator.cn/salary/living-wages","View Living Wages in national language","https://wageindicator.org/salary/minimum-wage/china-custom","View Minimum Wage in English","https://wageindicator.cn/salary/minimumwagesinchina","View Minimum Wage in national language"
"CN2023329M960R1","2023-11-25","Zhizhilan Supply Chain Managment (Suzhou) Co.,Ltd.","No.1 Haiyang Road,Haiyu Town","CN","China",31.95396,120.99781,"Apparel|Plastics|Textiles","Ecocert [Public List] (Ecocert [China] Facility List Aug 2024)|An Auditor / Certification Scheme / Service Provider","",""," Processor|Manufacturer ","","Processor|Manufacturer"," Processes| Plastic Product | Textile Product ","","","","","","","","","","","","","","","","","","","","","","","","","","","","","","","","","","","","False","","","","","","","","","","","","","","","","","","","","","","","","","","","","","","","","","","","","","","","","","","","","https://wageindicator.cn/salary/living-wages","View Living Wages in national language","https://wageindicator.org/salary/minimum-wage/china-custom","View Minimum Wage in English","https://wageindicator.cn/salary/minimumwagesinchina","View Minimum Wage in national language"
"CN20233460EYDZX","2023-12-11","Xinhe Guoshu Ecological Agriculture Supply Chain Co., Ltd.","B-10 Xinhe County Industrial Park, Aksu District, Xinjiang","CN","China",41.5483299,82.60911999999999,"Unspecified","Sheffield Hallam University Forced Labour Lab [Public List] (Companies Operating in the Uyghur Region (List 1))","","","","","","Wholesale|Retail","","","","","","","","","","","","","","","","","","","","","","","","","","","","","","","","","","","","False","","","","","","","","","","","","","","","","","","","","","","","","","","","","","","","","","","","","","","","","","","","","https://wageindicator.cn/salary/living-wages","View Living Wages in national language","https://wageindicator.org/salary/minimum-wage/china-custom","View Minimum Wage in English","https://wageindicator.cn/salary/minimumwagesinchina","View Minimum Wage in national language"
"CN2023346FHKX8X","2023-12-11","Yiwu Qiangshi Agricultural Products Supply Chain Management Service Co., Ltd.","16 Xinfeng Lane, Yiwu County, Hami City, Xinjiang","CN","China",43.24933,94.68932,"Unspecified","Sheffield Hallam University Forced Labour Lab [Public List] (Companies Operating in the Uyghur Region (List 1))","","","","","","Wholesale|Retail","","","","","","","","","","","","","","","","","","","","","","","","","","","","","","","","","","","","False","","","","","","","","","","","","","","","","","","","","","","","","","","","","","","","","","","","","","","","","","","","","https://wageindicator.cn/salary/living-wages","View Living Wages in national language","https://wageindicator.org/salary/minimum-wage/china-custom","View Minimum Wage in English","https://wageindicator.cn/salary/minimumwagesinchina","View Minimum Wage in national language"
"CN2023346JZXXBV","2023-12-11","Alashankou Xisheng Supply Chain Co., Ltd.","9-19 Yinshi Commercial And Residential Building 3 Building 205 Room Cultural Street, Alashankou City, Bortala Mongolian Autonomous Prefecture, Xinjiang","CN","China",45.1732799,82.55447,"Unspecified","Sheffield Hallam University Forced Labour Lab [Public List] (Companies Operating in the Uyghur Region (List 1))","","","","","","Wholesale|Retail","","","","","","","","","","","","","","","","","","","","","","","","","","","","","","","","","","","","False","","","","","","","","","","","","","","","","","","","","","","","","","","","","","","","","","","","","","","","","","","","","https://wageindicator.cn/salary/living-wages","View Living Wages in national language","https://wageindicator.org/salary/minimum-wage/china-custom","View Minimum Wage in English","https://wageindicator.cn/salary/minimumwagesinchina","View Minimum Wage in national language"
"CN2023346PWWTDT","2023-12-11","Horgos Sino-Kazakh Construction Investment Supply Chain Co., Ltd.","D1D2 The Plot China-Kazakhstan International Border Cooperation Center , Horgos, Yili Prefecture, Xinjiang","CN","China",44.1986541,80.413168,"Unspecified","Sheffield Hallam University Forced Labour Lab [Public List] (Companies Operating in the Uyghur Region (List 1))","","","","","","Wholesale|Retail","","","","","","","","","","","","","","","","","","","","","","","","","","","","","","","","","","","","False","","","","","","","","","","","","","","","","","","","","","","","","","","","","","","","","","","","","","","","","","","","","https://wageindicator.cn/salary/living-wages","View Living Wages in national language","https://wageindicator.org/salary/minimum-wage/china-custom","View Minimum Wage in English","https://wageindicator.cn/salary/minimumwagesinchina","View Minimum Wage in national language"
"CN2023346QPG1DG","2023-12-12","Quanzhou Shibo Supply Chain Management Co. Ltd.","802, Building 2, 288 Nanyang Road, Lingxiu Town, Shishi City, Quanzhou City, Fujian Province, China","CN","China",24.8740499,118.67583,"Apparel","An Auditor / Certification Scheme / Service Provider","","","","","","","","","","","","","","","","","","","","","","","","","","","","","","","","","","","","","","","","","","False","","","","","","","","","","","","","","","","","","","","","","","","","","","","","","","","","","","","","","","","","","","","https://wageindicator.cn/salary/living-wages","View Living Wages in national language","https://wageindicator.org/salary/minimum-wage/china-custom","View Minimum Wage in English","https://wageindicator.cn/salary/minimumwagesinchina","View Minimum Wage in national language"
"CN2023346V4E1CZ","2023-12-11","Aksu Chitu Supply Chain Management Co., Ltd.","10 Building 7Ab-13Ab East Garden Hengxin Asia-Europe International Building Materials City, Aksu Characteristic Industrial Park, Aksu District, Xinjiang","CN","China",41.1676299,80.26338,"Unspecified","Sheffield Hallam University Forced Labour Lab [Public List] (Companies Operating in the Uyghur Region (List 1))","","","","","","Traffic|Transportation|Logistics","","","","","","","","","","","","","","","","","","","","","","","","","","","","","","","","","","","","False","","","","","","","","","","","","","","","","","","","","","","","","","","","","","","","","","","","","","","","","","","","","https://wageindicator.cn/salary/living-wages","View Living Wages in national language","https://wageindicator.org/salary/minimum-wage/china-custom","View Minimum Wage in English","https://wageindicator.cn/salary/minimumwagesinchina","View Minimum Wage in national language"
"CN202334721HR5Q","2023-12-12","Kezhou Xiaotu Supply Chain Transportation Co., Ltd.","314 In Huasheng Building Materials Logistics Comprehensive Wholesale Market, North Of Chengdong Toll Station Next To The National Highway 13 Facade Guangming Street, Artush City, Kezhou, Xinjiang","CN","China",39.7160999,76.16839,"Unspecified","Sheffield Hallam University Forced Labour Lab [Public List] (Companies Operating in the Uyghur Region (List 2))","","","","","","","","","","","","","","","","","","","","","","","","","","","","","","","","","","","","","","","","","","False","","","","","","","","","","","","","","","","","","","","","","","","","","","","","","","","","","","","","","","","","","","","https://wageindicator.cn/salary/living-wages","View Living Wages in national language","https://wageindicator.org/salary/minimum-wage/china-custom","View Minimum Wage in English","https://wageindicator.cn/salary/minimumwagesinchina","View Minimum Wage in national language"
"CN20233473J9MRG","2023-12-12","Xinjiang Jingbangda Supply Chain Technology Co., Ltd. - Shihezi Xiangyang Branch","571-18, 19 Guangming Road, Beiquan Town, Shihezi City, Xinjiang","CN","China",44.33555,86.02997,"Unspecified","Sheffield Hallam University Forced Labour Lab [Public List] (Companies Operating in the Uyghur Region (List 2))","","","","","","Traffic|Transportation|Logistics","","","","","","","","","","","","","","","","","","","","","","","","","","","","","","","","","","","","False","","","","","","","","","","","","","","","","","","","","","","","","","","","","","","","","","","","","","","","","","","","","https://wageindicator.cn/salary/living-wages","View Living Wages in national language","https://wageindicator.org/salary/minimum-wage/china-custom","View Minimum Wage in English","https://wageindicator.cn/salary/minimumwagesinchina","View Minimum Wage in national language"
"CN20233474528VM","2023-12-12","Xinjiang Speed Rabbit Supply Chain Management Co., Ltd. - Kezhou Branch","3 B1 of Building 15 Facade Tianshan Road Agricultural Community, Guangming Street, Artush City, Kezhou, Xinjiang","CN","China",39.7070827,76.1851683,"Unspecified","Sheffield Hallam University Forced Labour Lab [Public List] (Companies Operating in the Uyghur Region (List 2))","","","","","","Traffic|Transportation|Logistics","","","","","","","","","","","","","","","","","","","","","","","","","","","","","","","","","","","","False","","","","","","","","","","","","","","","","","","","","","","","","","","","","","","","","","","","","","","","","","","","","https://wageindicator.cn/salary/living-wages","View Living Wages in national language","https://wageindicator.org/salary/minimum-wage/china-custom","View Minimum Wage in English","https://wageindicator.cn/salary/minimumwagesinchina","View Minimum Wage in national language"
"CN20233474E86X3","2023-12-12","Alashankou Dingshenghe International Supply Chain Management Service Co., Ltd.","314 Room Economic Building Of Alashankou Comprehensive Bonded Zone, Boertala Mongolian Autonomous Prefecture, Xinjiang","CN","China",44.8640199,82.05679,"Unspecified","Sheffield Hallam University Forced Labour Lab [Public List] (Companies Operating in the Uyghur Region (List 2))","","","","","","Retail | Wholesale","","","","","","","","","","","","","","","","","","","","","","","","","","","","","","","","","","","","False","","","","","","","","","","","","","","","","","","","","","","","","","","","","","","","","","","","","","","","","","","","","https://wageindicator.cn/salary/living-wages","View Living Wages in national language","https://wageindicator.org/salary/minimum-wage/china-custom","View Minimum Wage in English","https://wageindicator.cn/salary/minimumwagesinchina","View Minimum Wage in national language"
"CN202334776MM72","2023-12-12","Karamay Ultimate Speed Rabbit Supply Chain Management Co., Ltd.","3, L Xingnan 1-7, Beidou Road, Karamay District, Karamay City, Xinjiang","CN","China",45.62008,84.8638299,"Unspecified","Sheffield Hallam University Forced Labour Lab [Public List] (Companies Operating in the Uyghur Region (List 2))","","","","","","Traffic|Transportation|Logistics","","","","","","","","","","","","","","","","","","","","","","","","","","","","","","","","","","","","False","","","","","","","","","","","","","","","","","","","","","","","","","","","","","","","","","","","","","","","","","","","","https://wageindicator.cn/salary/living-wages","View Living Wages in national language","https://wageindicator.org/salary/minimum-wage/china-custom","View Minimum Wage in English","https://wageindicator.cn/salary/minimumwagesinchina","View Minimum Wage in national language"
"CN20233477PEB51","2023-12-12","Xinjiang Speed Rabbit Supply Chain Management Co., Ltd. - Alar City Branch","9-116 Mercure Logistics Park, Alar City, Xinjiang","CN","China",40.5479799,81.28067,"Unspecified","Sheffield Hallam University Forced Labour Lab [Public List] (Companies Operating in the Uyghur Region (List 2))","","","","","","Traffic|Transportation|Logistics","","","","","","","","","","","","","","","","","","","","","","","","","","","","","","","","","","","","False","","","","","","","","","","","","","","","","","","","","","","","","","","","","","","","","","","","","","","","","","","","","https://wageindicator.cn/salary/living-wages","View Living Wages in national language","https://wageindicator.org/salary/minimum-wage/china-custom","View Minimum Wage in English","https://wageindicator.cn/salary/minimumwagesinchina","View Minimum Wage in national language"
"CN2023347BDVH9K","2023-12-12","Xinjiang Jingbangda Supply Chain Technology Co., Ltd. - Qile Branch","District C, 14 and 30 Facade Room Jujube Trading Market in Tianjin Industrial Park, Cele County, Hotan Prefecture, Xinjiang","CN","China",36.9984599,80.810049,"Unspecified","Sheffield Hallam University Forced Labour Lab [Public List] (Companies Operating in the Uyghur Region (List 2))","","","","","","Traffic|Transportation|Logistics","","","","","","","","","","","","","","","","","","","","","","","","","","","","","","","","","","","","False","","","","","","","","","","","","","","","","","","","","","","","","","","","","","","","","","","","","","","","","","","","","https://wageindicator.cn/salary/living-wages","View Living Wages in national language","https://wageindicator.org/salary/minimum-wage/china-custom","View Minimum Wage in English","https://wageindicator.cn/salary/minimumwagesinchina","View Minimum Wage in national language"
"CN2023347EZPM41","2023-12-12","Xinjiang Jingbangda Supply Chain Technology Co., Ltd. - Bohu Branch","14 buildingJianyu Riverside Garden, Zhenxing North Road, Bohu County, Bazhou, Xinjiang","CN","China",41.9800899,86.63253999999999,"Unspecified","Sheffield Hallam University Forced Labour Lab [Public List] (Companies Operating in the Uyghur Region (List 2))","","","","","","Traffic|Transportation|Logistics","","","","","","","","","","","","","","","","","","","","","","","","","","","","","","","","","","","","False","","","","","","","","","","","","","","","","","","","","","","","","","","","","","","","","","","","","","","","","","","","","https://wageindicator.cn/salary/living-wages","View Living Wages in national language","https://wageindicator.org/salary/minimum-wage/china-custom","View Minimum Wage in English","https://wageindicator.cn/salary/minimumwagesinchina","View Minimum Wage in national language"
"CN2023347KFD0NA","2023-12-12","Xinjiang Zhonglian Land Port Logistics Supply Chain Co., Ltd. - Shihezi Branch","Community 21, Building 141,  25 Shihezi City, Xinjiang","CN","China",44.3065299,86.07893000000001,"Unspecified","Sheffield Hallam University Forced Labour Lab [Public List] (Companies Operating in the Uyghur Region (List 2))","","","","","","Traffic|Transportation|Logistics","","","","","","","","","","","","","","","","","","","","","","","","","","","","","","","","","","","","False","","","","","","","","","","","","","","","","","","","","","","","","","","","","","","","","","","","","","","","","","","","","https://wageindicator.cn/salary/living-wages","View Living Wages in national language","https://wageindicator.org/salary/minimum-wage/china-custom","View Minimum Wage in English","https://wageindicator.cn/salary/minimumwagesinchina","View Minimum Wage in national language"
"CN2023347M7K5PF","2023-12-12","Zhejiang Zehui Supply Chain Management Co., Ltd. - Xinjiang Branch","6 Science and Technology Building 119 room Jingsan Road, National Agricultural Science and Technology Park, Wensu County, Aksu Prefecture, Xinjiang","CN","China",41.2770599,80.23913999999999,"Unspecified","Sheffield Hallam University Forced Labour Lab [Public List] (Companies Operating in the Uyghur Region (List 2))","","","","","","Retail | Wholesale","","","","","","","","","","","","","","","","","","","","","","","","","","","","","","","","","","","","False","","","","","","","","","","","","","","","","","","","","","","","","","","","","","","","","","","","","","","","","","","","","https://wageindicator.cn/salary/living-wages","View Living Wages in national language","https://wageindicator.org/salary/minimum-wage/china-custom","View Minimum Wage in English","https://wageindicator.cn/salary/minimumwagesinchina","View Minimum Wage in national language"
"CN2023347QQ5FDN","2023-12-12","Xinjiang Jingbangda Supply Chain Technology Co., Ltd. - Hami Branch","4# building 106 shop Yudu Garden, Xinxing City, Xinjiang","CN","China",43.7934299,87.6271,"Unspecified","Sheffield Hallam University Forced Labour Lab [Public List] (Companies Operating in the Uyghur Region (List 2))","","","","","","Traffic|Transportation|Logistics","","","","","","","","","","","","","","","","","","","","","","","","","","","","","","","","","","","","False","","","","","","","","","","","","","","","","","","","","","","","","","","","","","","","","","","","","","","","","","","","","https://wageindicator.cn/salary/living-wages","View Living Wages in national language","https://wageindicator.org/salary/minimum-wage/china-custom","View Minimum Wage in English","https://wageindicator.cn/salary/minimumwagesinchina","View Minimum Wage in national language"
"CN2023347R18XY2","2023-12-12","Kashgar Vegetable Supply Chain Co., Ltd.","6 402 Room Shengli North Road, Shule County, Kashi Prefecture, Xinjiang","CN","China",39.40531,76.05158,"Unspecified","Sheffield Hallam University Forced Labour Lab [Public List] (Companies Operating in the Uyghur Region (List 2))","","","","","","Retail | Wholesale","","","","","","","","","","","","","","","","","","","","","","","","","","","","","","","","","","","","False","","","","","","","","","","","","","","","","","","","","","","","","","","","","","","","","","","","","","","","","","","","","https://wageindicator.cn/salary/living-wages","View Living Wages in national language","https://wageindicator.org/salary/minimum-wage/china-custom","View Minimum Wage in English","https://wageindicator.cn/salary/minimumwagesinchina","View Minimum Wage in national language"
"CN2023347WX1QF6","2023-12-12","Ningbo Huakaitu Supply Chain Management Service","No. 1 Lane 2Xinying Road,Juexi Street,Xiangshan County, Ningbo, Zhejiang Sheng","CN","China",29.471,121.94857,"Apparel|Unspecified","A Brand / Retailer|A Brand / Retailer","","","","","","","","","","","","","","","","","","","","","","","","","","","","","","","","","","","","","","","","","","False","","","","","","","","","","","","","","","","","","","","","","","","","","","","","","","","","","","","","","","","","","","","https://wageindicator.cn/salary/living-wages","View Living Wages in national language","https://wageindicator.org/salary/minimum-wage/china-custom","View Minimum Wage in English","https://wageindicator.cn/salary/minimumwagesinchina","View Minimum Wage in national language"
"CN2023347X32ADZ","2023-12-12","Xinjiang Jingbangda Supply Chain Technology Co., Ltd. - Alar City Branch","21-101 room Jinxiujiayuan Community, Alar City, Xinjiang","CN","China",40.5479799,81.28067,"Unspecified","Sheffield Hallam University Forced Labour Lab [Public List] (Companies Operating in the Uyghur Region (List 2))","","","","","","Computer Software","","","","","","","","","","","","","","","","","","","","","","","","","","","","","","","","","","","","False","","","","","","","","","","","","","","","","","","","","","","","","","","","","","","","","","","","","","","","","","","","","https://wageindicator.cn/salary/living-wages","View Living Wages in national language","https://wageindicator.org/salary/minimum-wage/china-custom","View Minimum Wage in English","https://wageindicator.cn/salary/minimumwagesinchina","View Minimum Wage in national language"
"CN20240024DKTSJ","2024-01-02","Dongguan Jiexing Supply Chain Management Co.,LTD","ROOM 102, BUILDING1, NO.723, HOUJIE SECTION，GUANTAI ROAD, HOUJIE TOWN, DONGGUAN CITY, 523900 GUANGDONG SHENG, CHINA","CN","China",22.95626,113.68875,"Apparel","An Auditor / Certification Scheme / Service Provider","","","","","","","","","","","","","","","","","","","","","","","","","","","","","","","","","","","","","","","","","","False","","","","","","","","","","","","","","","","","","","","","","","","","","","","","","","","","","","","","","","","","","","","https://wageindicator.cn/salary/living-wages","View Living Wages in national language","https://wageindicator.org/salary/minimum-wage/china-custom","View Minimum Wage in English","https://wageindicator.cn/salary/minimumwagesinchina","View Minimum Wage in national language"
"CN2024004DBY951","2024-01-04","Zhejiang Dongjin Supply Chain Co., Ltd.","Room 101, Building 1, Haitu Jiuyiqiu, Binhai Industrial Zone, Ma'an Street,,Keqiao District,","CN","China",30.152637,120.628606,"Apparel","An Auditor / Certification Scheme / Service Provider","","","","","","","","","","","","","","","","","","","","","","","","","","","","","","","","","","","","","","","","","","False","","","","","","","","","","","","","","","","","","","","","","","","","","","","","","","","","","","","","","","","","","","","https://wageindicator.cn/salary/living-wages","View Living Wages in national language","https://wageindicator.org/salary/minimum-wage/china-custom","View Minimum Wage in English","https://wageindicator.cn/salary/minimumwagesinchina","View Minimum Wage in national language"
"CN2024006N89WKM","2024-01-06","Gather New  (Zhangjiagang) Supply Chain Management Co., Ltd.","No. 209 Yongning Road, Daxin Town, Zhangjiagang,","CN","China",31.97403,120.54406,"Apparel","An Auditor / Certification Scheme / Service Provider","","","","","","","","","","","","","","","","","","","","","","","","","","","","","","","","","","","","","","","","","","False","","","","","","","","","","","","","","","","","","","","","","","","","","","","","","","","","","","","","","","","","","","","https://wageindicator.cn/salary/living-wages","View Living Wages in national language","https://wageindicator.org/salary/minimum-wage/china-custom","View Minimum Wage in English","https://wageindicator.cn/salary/minimumwagesinchina","View Minimum Wage in national language"
"CN20240094334WC","2024-01-08","Xinjiang Liulang Supply Chain Management Co., Ltd","No. A1-102, Xinjiang Liulang Intelligent Terminal Industrial Park, Cele County, Hotan District, Xinjiang","CN","China",36.9984599,80.81004999999999,"Unspecified","Sheffield Hallam University Forced Labour Lab [Public List] (Labor Transfers in XUAR - Companies Named in Media and Academic Reports as engaging in Labour Transfers or other XUAR Government Programs)","","VCARE IDH INTERNATIONAL LIMITED (Hong Kong)","","","","","","","","","","","","","","","","","","","","","","","","","","","","","","","","","","","","","","","","False","","","","","","","","","","","","","","","","","","","","","","","","","","","","","","","","","","","","","","","","","","","","https://wageindicator.cn/salary/living-wages","View Living Wages in national language","https://wageindicator.org/salary/minimum-wage/china-custom","View Minimum Wage in English","https://wageindicator.cn/salary/minimumwagesinchina","View Minimum Wage in national language"
"CN2024009BH0K1J","2024-01-08","Xinjiang Tianfu Cotton Supply Chain Co.,","No. 19, 21st Floor (Rooms 2103 and 2104), Chuanyu Building, Headquarters Economic Zone, Shenka Avenue, Kashgar Economic Development Zone, Kashgar, Xinjiang","CN","China",39.448723,76.07253399999999,"Unspecified","Sheffield Hallam University Forced Labour Lab [Public List] (Labor Transfers in XUAR - Companies Named in Media and Academic Reports as engaging in Labour Transfers or other XUAR Government Programs)","","Huafu","","","","","","","","","","","","","","","","","","","","","","","","","","","","","","","","","","","","","","","","False","","","","","","","","","","","","","","","","","","","","","","","","","","","","","","","","","","","","","","","","","","","","https://wageindicator.cn/salary/living-wages","View Living Wages in national language","https://wageindicator.org/salary/minimum-wage/china-custom","View Minimum Wage in English","https://wageindicator.cn/salary/minimumwagesinchina","View Minimum Wage in national language"
"CN2024009S9AM8A","2024-01-08","Xinjiang Tianfu Cotton Supply Chain Co., Ltd.","No. 19, 21st Floor (Room 2103, 2104), Chuanyu Building, Headquarter Economic Zone, Shenka Avenue, Kashgar Economic Development Zone, Kashgar Region, Xinjiang","CN","China",39.448723,76.07253399999999,"Apparel|Textiles","Sheffield Hallam University Forced Labour Lab [Public List] (UFLPA Priority Sector Apparel - Companies Named in Media and Academic Reports as engaging in Labour Transfers or other XUAR Government Programs)","","Huafu","","","","Cotton","","","","","","","","","","","","","","","","","","","","","","","","","","","","","","","","","","","","False","","","","","","","","","","","","","","","","","","","","","","","","","","","","","","","","","","","","","","","","","","","","https://wageindicator.cn/salary/living-wages","View Living Wages in national language","https://wageindicator.org/salary/minimum-wage/china-custom","View Minimum Wage in English","https://wageindicator.cn/salary/minimumwagesinchina","View Minimum Wage in national language"
"CN20240109YCJZY","2024-01-10","Suzhou Theything Supply Chain Management Co., Ltd","(in Wujiang Taoyuan Antique Craft Co., Ltd.) Dongfang Avenue, Taoyuan Town, Wujiang District, Suzhou City, 215200, Jiangsu Province, China","CN","China",30.803185,120.493619,"Apparel","An Auditor / Certification Scheme / Service Provider","","","","","","","","","","","","","","","","","","","","","","","","","","","","","","","","","","","","","","","","","","False","","","","","","","","","","","","","","","","","","","","","","","","","","","","","","","","","","","","","","","","","","","","https://wageindicator.cn/salary/living-wages","View Living Wages in national language","https://wageindicator.org/salary/minimum-wage/china-custom","View Minimum Wage in English","https://wageindicator.cn/salary/minimumwagesinchina","View Minimum Wage in national language"
"CN20240498RS7CJ","2024-02-18","Nanbo Bay (Jiangsu) Supply Chain Co., Ltd.","No. 3, Haihong Road, Xiaoyu Village, Pingwang Development Zone, Wujiang District, Suzhou City, 215228 Jiangsu Sheng, China","CN","China",30.97383,120.64004,"Apparel","An Auditor / Certification Scheme / Service Provider","","","","","","","","","","","","","","","","","","","","","","","","","","","","","","","","","","","","","","","","","","False","","","","","","","","","","","","","","","","","","","","","","","","","","","","","","","","","","","","","","","","","","","","https://wageindicator.cn/salary/living-wages","View Living Wages in national language","https://wageindicator.org/salary/minimum-wage/china-custom","View Minimum Wage in English","https://wageindicator.cn/salary/minimumwagesinchina","View Minimum Wage in national language"
"CN2024049M5TKGW","2024-02-18","Nanbo Bay (Jiangsu) Supply Chain Co., Ltd.","Xingcheng Times Commercial Square-503, No.608, Shunhu West Road, Shengze Town, Wujiang District, Suzhou City, 215228 Jiangsu Sheng, China","CN","China",30.905922,120.670142,"Apparel","An Auditor / Certification Scheme / Service Provider","","","","","","","","","","","","","","","","","","","","","","","","","","","","","","","","","","","","","","","","","","False","","","","","","","","","","","","","","","","","","","","","","","","","","","","","","","","","","","","","","","","","","","","https://wageindicator.cn/salary/living-wages","View Living Wages in national language","https://wageindicator.org/salary/minimum-wage/china-custom","View Minimum Wage in English","https://wageindicator.cn/salary/minimumwagesinchina","View Minimum Wage in national language"
"CN2024122BDFM2V","2024-04-30","Shaoxing Xingzhuo Supply Chain Management Co., Ltd.","No.16, Building A4, Raw Material City, Qianqing, China Light Textile City, Keqiao Distric, Shaoxing city, Zhejiang Province","CN","China",30.12659,120.39694,"Apparel","ZEEMAN (Zeeman tier 3 - Cotton suppliers (spinning - ginning - raw material processing) (April 2024))","","","Raw Material Processing or Production","Raw Material Processing or Production","Raw Material Processing or Production","","","","","","","","","","","","","","","","","","","","","","","","","","","","","","","","","","","","","False","","","","","","","","","","","","","","","","","","","","","","","","","","","","","","","","","","","","","","","","","","","","https://wageindicator.cn/salary/living-wages","View Living Wages in national language","https://wageindicator.org/salary/minimum-wage/china-custom","View Minimum Wage in English","https://wageindicator.cn/salary/minimumwagesinchina","View Minimum Wage in national language"
"CN202424012FG45","2024-08-26","Hainan Xinshengfeng Agricultural Industry Supply Chain Co., Ltd.","大悦城（三亚）投资有限公司三亚总部经济东岸起步区DA2-18-01A/B地块1#综合办公楼1806室吉阳区三亚市, China","CN","China",18.2822499,109.57841,"Agriculture","Ecocert [Public List] (Ecocert [China] Facility List Aug 2024)","",""," Processor | Trader | Specialist Wholesaler|Manufacturer ","","Trader|Manufacturer|Specialist Wholesaler|Processor"," Plants | Derived Products| Feed ","","","","","","","","","","","","","","","","","","","","","","","","","","","","","","","","","","","","False","","","","","","","","","","","","","","","","","","","","","","","","","","","","","","","","","","","","","","","","","","","","https://wageindicator.cn/salary/living-wages","View Living Wages in national language","https://wageindicator.org/salary/minimum-wage/china-custom","View Minimum Wage in English","https://wageindicator.cn/salary/minimumwagesinchina","View Minimum Wage in national language"
"CN20242408FJ0AJ","2024-08-26","Hainan Xinshengfeng Agricultural Industry Supply Chain Co., Ltd.","Sanya Headquarters Economic East Coast Starting Zone DA2-18-01A/B Lot 1# Comprehensive Office Building Room 1806 Jiyang District Sanya City, China","CN","China",18.2822499,109.57841,"Agriculture","Ecocert [Public List] (Ecocert [China] Facility List Aug 2024)","",""," Processor | Trader | Specialist Wholesaler|Manufacturer ","","Trader|Manufacturer|Specialist Wholesaler|Processor"," Plants | Derived Products| Feed ","","","","","","","","","","","","","","","","","","","","","","","","","","","","","","","","","","","","False","","","","","","","","","","","","","","","","","","","","","","","","","","","","","","","","","","","","","","","","","","","","https://wageindicator.cn/salary/living-wages","View Living Wages in national language","https://wageindicator.org/salary/minimum-wage/china-custom","View Minimum Wage in English","https://wageindicator.cn/salary/minimumwagesinchina","View Minimum Wage in national language"
"CN2024240CB4SF2","2024-08-26","Beijing Seajoy Supply Chain Management Co., Ltd.","Room 1711, Tower A, Shiao International Center, No. 101, Shaoyaoju Beili, Chaoyang District, Beijing, China","CN","China",39.9882176,116.4314686,"Food Industry","Ecocert [Public List] (Ecocert [China] Facility List Aug 2024)","","","Handler | Trader","","Trader|Handler"," Logistics","","","","","","","","","","","","","","","","","","","","","","","","","","","","","","","","","","","","False","","","","","","","","","","","","","","","","","","","","","","","","","","","","","","","","","","","","","","","","","","","","https://wageindicator.cn/salary/living-wages","View Living Wages in national language","https://wageindicator.org/salary/minimum-wage/china-custom","View Minimum Wage in English","https://wageindicator.cn/salary/minimumwagesinchina","View Minimum Wage in national language"
"CN2024240V1985H","2024-08-26","Beijing Seajoy Supply Chain Management Co., Ltd.","芍药居北里101号世奥国际中心A 座1711朝阳区北京市, China","CN","China",39.9882176,116.4314686,"Food Industry","Ecocert [Public List] (Ecocert [China] Facility List Aug 2024)","","","Handler | Trader","","Trader|Handler"," Logistics","","","","","","","","","","","","","","","","","","","","","","","","","","","","","","","","","","","","False","","","","","","","","","","","","","","","","","","","","","","","","","","","","","","","","","","","","","","","","","","","","https://wageindicator.cn/salary/living-wages","View Living Wages in national language","https://wageindicator.org/salary/minimum-wage/china-custom","View Minimum Wage in English","https://wageindicator.cn/salary/minimumwagesinchina","View Minimum Wage in national language"
"CN2024240XQ8689","2024-08-26","XIAMEN JINXI SUPPLY CHAIN MANAGEMENT CO., LTD","Block D, 11/F, No.81 Hubin South Road, Siming District Xiamen, China","CN","China",24.47117,118.09949,"Plastics|Textiles","Ecocert [Public List] (Ecocert [China] Facility List Aug 2024)","","","Trader | Manufacturer | Processor","","Processor|Trader|Manufacturer"," Processes| Plastic Product | Textile Product ","","","","","","","","","","","","","","","","","","","","","","","","","","","","","","","","","","","","False","","","","","","","","","","","","","","","","","","","","","","","","","","","","","","","","","","","","","","","","","","","","https://wageindicator.cn/salary/living-wages","View Living Wages in national language","https://wageindicator.org/salary/minimum-wage/china-custom","View Minimum Wage in English","https://wageindicator.cn/salary/minimumwagesinchina","View Minimum Wage in national language"
"CN202429173JEWB","2024-10-17","SHANDONG LIUYUAN SUPPLY CHAIN CO., LTD","NO.T3-2202 XIANGSHUIJUN QINGHE SOUTH ROAD SHENGZHUANG STREET Linyi City","CN","China",35.02465,118.31344,"Unspecified","Worker Rights Consortium|Worker Rights Consortium","","","","","","","","","","","","","","","","","","","","","","","","","","","","","","","","","","","","","","","","","","False","","","","","","","","","","","","","","","","","","","","","","","","","","","","","","","","","","","","","","","","","","","","https://wageindicator.cn/salary/living-wages","View Living Wages in national language","https://wageindicator.org/salary/minimum-wage/china-custom","View Minimum Wage in English","https://wageindicator.cn/salary/minimumwagesinchina","View Minimum Wage in national language"
"CN2024316KHSCKZ","2024-11-08","Xiamen Jinxi supply chain management CO. LTD","unit D, 11th floor, everbright bank building, Xiamen","CN","China",24.4795099,118.0894799,"Unspecified","O'Neill Europe BV (O'Neill Europe Facility list September 2025)|O'Neill Europe BV (O'Neill Europe Facility list November 2024)","","","","","","","","","","","","","","","","","","","","","","","","","","","","","","","","","","","","","","","","","","False","","","","","","","","","","","","","","","","","","","","","","","","","","","","","","","","","","","","","","","","","","","","https://wageindicator.cn/salary/living-wages","View Living Wages in national language","https://wageindicator.org/salary/minimum-wage/china-custom","View Minimum Wage in English","https://wageindicator.cn/salary/minimumwagesinchina","View Minimum Wage in national language"
"CN202432519HNCZ","2024-11-20","Qingdao Haixuanda Supply Chains Development Ltd.","No.7 Heishan Road, Aishan Industrial Zone, Yanghe Town, Jiaozhou, Qingdao, Qingdao City, Shandong","CN","China",36.13829,119.9126,"Fishing|Food Industry|Food Manufacturing","European Commission: TRACES – TRAde Control and Expert System [Public List]|European Commission: TRACES – TRAde Control and Expert System [Public List]","","","","","","","","","","","","","","","","","","","","","","","","","","","","","","","","","","","","","","","","","","False","","","","","","","","","","","","","","","","","","","","","","","","","","","","","","","","","","","","","","","","","","","","https://wageindicator.cn/salary/living-wages","View Living Wages in national language","https://wageindicator.org/salary/minimum-wage/china-custom","View Minimum Wage in English","https://wageindicator.cn/salary/minimumwagesinchina","View Minimum Wage in national language"
"CN2024325V3MG38","2024-11-20","QINGDAO OCEANESE SUPPLY CHAIN CO. LTD.","No.333 Longxiang Road, Shangma Subdistrict, Chengyang District, 266001 Qingdao, Qingdao City, Shandong","CN","China",35.95782,119.33355,"Fishing|Food & Beverage|Food Industry","European Commission: TRACES – TRAde Control and Expert System [Public List]|European Commission: TRACES – TRAde Control and Expert System [Public List]","","","","","","","","","","","","","","","","","","","","","","","","","","","","","","","","","","","","","","","","","","False","","","","","","","","","","","","","","","","","","","","","","","","","","","","","","","","","","","","","","","","","","","","https://wageindicator.cn/salary/living-wages","View Living Wages in national language","https://wageindicator.org/salary/minimum-wage/china-custom","View Minimum Wage in English","https://wageindicator.cn/salary/minimumwagesinchina","View Minimum Wage in national language"
"CN2025003S1MQBD","2025-01-03","Shenzhen YH Global Supply Chain Co., Ltd.","Room 1109, Main Tower of Shipping Center, No.60, Lin Hai Road, Qian Hai Wan Free Trade Port Zone, Shenzhen City","CN","China",22.5428599,114.05956,"Unspecified","Worldly|Worldly","","","","","","","","","","","","","","","","","","","","","","","","","","","","","","","","","","","","","","","","","","False","","","","","","","","","","","","","","","","","","","","","","","","","","","","","","","","","","","","","","","","","","","","https://wageindicator.cn/salary/living-wages","View Living Wages in national language","https://wageindicator.org/salary/minimum-wage/china-custom","View Minimum Wage in English","https://wageindicator.cn/salary/minimumwagesinchina","View Minimum Wage in national language"
"CN202512907806V","2025-05-07","Xinjiang Zhongrui Hengyuan Supply Chain Management Co., Ltd.","No. 1567, Tou Tun He Road, Tou Tun He District, Urumqi, Xinjiang (No. 6-10, A2 Complex Building, Logistics Park, Xinjiang Baoxin Hengyuan Logistics Co., Ltd.)","CN","China",44.00499000000001,87.33528199999999,"Unspecified","C4ADS [Public List] (C4ADS Production Locations List May 2025)","","Xinjiang Zhongrui Hengyuan Trading Group Co., Ltd.","","","","Road Transportation","","","","","","","","","","","","","","","","","","","","","","","","","","","","","","","","","","","","False","","","","","","","","","","","","","","","","","","","","","","","","","","","","","","","","","","","","","","","","","","","","https://wageindicator.cn/salary/living-wages","View Living Wages in national language","https://wageindicator.org/salary/minimum-wage/china-custom","View Minimum Wage in English","https://wageindicator.cn/salary/minimumwagesinchina","View Minimum Wage in national language"
"CN20251292YQTMB","2025-05-07","Xinjiang Agricultural Development Group Supply Chain Co., Ltd.","No. 6 Kunshen Street, Tumushuke City, Xinjiang","CN","China",39.8576588,79.0913277,"Wholesale Trade","C4ADS [Public List] (C4ADS Production Locations List May 2025)","","Xinjiang Modern Agriculture Development Group Co., Ltd.","","","","","","","","","","","","","","","","","","","","","","","","","","","","","","","","","","","","","","","","False","","","","","","","","","","","","","","","","","","","","","","","","","","","","","","","","","","","","","","","","","","","","https://wageindicator.cn/salary/living-wages","View Living Wages in national language","https://wageindicator.org/salary/minimum-wage/china-custom","View Minimum Wage in English","https://wageindicator.cn/salary/minimumwagesinchina","View Minimum Wage in national language"
"CN202512934FC9H","2025-05-07","Kashgar Comprehensive Insurance International Logistics Supply Chain Co., Ltd.","No. 1, Inspection Center of Comprehensive Bonded Area, Kashgar Economic Development Zone, Kashgar, Xinjiang","CN","China",39.4677199,75.99381,"Unspecified","C4ADS [Public List] (C4ADS Production Locations List May 2025)","","Kashgar Comprehensive Bonded Zone Investment and Development Co., Ltd.","","","","Transportation","","","","","","","","","","","","","","","","","","","","","","","","","","","","","","","","","","","","False","","","","","","","","","","","","","","","","","","","","","","","","","","","","","","","","","","","","","","","","","","","","https://wageindicator.cn/salary/living-wages","View Living Wages in national language","https://wageindicator.org/salary/minimum-wage/china-custom","View Minimum Wage in English","https://wageindicator.cn/salary/minimumwagesinchina","View Minimum Wage in national language"
"CN20251293B7C9G","2025-05-07","Fuxinding (Zhoushan) Supply Chain Management Co., Ltd.","Room 6001-A408, Commodity Trading Center, No. 555, Wengshan Road, Lincheng Street, Dinghai District, Zhoushan City, China (Zhejiang) Pilot Free Trade Zone","CN","China",29.99749,122.20977,"Wholesale Trade","C4ADS [Public List] (C4ADS Production Locations List May 2025)","","Shihezi Tianfu Zhisheng Equity Investment Co., Ltd.","","","","","","","","","","","","","","","","","","","","","","","","","","","","","","","","","","","","","","","","False","","","","","","","","","","","","","","","","","","","","","","","","","","","","","","","","","","","","","","","","","","","","https://wageindicator.cn/salary/living-wages","View Living Wages in national language","https://wageindicator.org/salary/minimum-wage/china-custom","View Minimum Wage in English","https://wageindicator.cn/salary/minimumwagesinchina","View Minimum Wage in national language"
"CN2025129DC4AT7","2025-05-07","Xinjiang Tianfu Yitong Supply Chain Management Limited Liability Company","No. 506, North Industrial Park, Shihezi City, Xinjiang","CN","China",44.3065299,86.07893000000001,"Unspecified","C4ADS [Public List] (C4ADS Production Locations List May 2025)","","Shihezi Tianfu Zhisheng Equity Investment Co., Ltd.","","","","Road Transportation","","","","","","","","","","","","","","","","","","","","","","","","","","","","","","","","","","","","False","","","","","","","","","","","","","","","","","","","","","","","","","","","","","","","","","","","","","","","","","","","","https://wageindicator.cn/salary/living-wages","View Living Wages in national language","https://wageindicator.org/salary/minimum-wage/china-custom","View Minimum Wage in English","https://wageindicator.cn/salary/minimumwagesinchina","View Minimum Wage in national language"
"CN2025129DXX6YH","2025-05-07","Xinjiang Tarim Cotton Supply Chain Co., Ltd.","Room 371, Building 2, University Student Pioneer Park, Alaer City, Xinjiang","CN","China",37.783999,75.261704,"Wholesale Trade","C4ADS [Public List] (C4ADS Production Locations List May 2025)","","Xinjiang Production and Construction Corps First Division Cotton and Linen Co., Ltd.","","","","","","","","","","","","","","","","","","","","","","","","","","","","","","","","","","","","","","","","False","","","","","","","","","","","","","","","","","","","","","","","","","","","","","","","","","","","","","","","","","","","","https://wageindicator.cn/salary/living-wages","View Living Wages in national language","https://wageindicator.org/salary/minimum-wage/china-custom","View Minimum Wage in English","https://wageindicator.cn/salary/minimumwagesinchina","View Minimum Wage in national language"
"CN2025129GQT31B","2025-05-07","Xinjiang Zhongrui Hengyuan Supply Chain Technology Co., Ltd.","Room 6-01, 6th Floor, Comprehensive Service Building, No. 31, Henghui Electromechanical City, No. 2201, Touhunhe Road, Touhunhe District, Urumqi, Xinjiang","CN","China",43.8266299,87.61688,"Wholesale Trade","C4ADS [Public List] (C4ADS Production Locations List May 2025)","","Xinjiang Zhongrui Hengyuan Trading Group Co., Ltd.","","","","","","","","","","","","","","","","","","","","","","","","","","","","","","","","","","","","","","","","False","","","","","","","","","","","","","","","","","","","","","","","","","","","","","","","","","","","","","","","","","","","","https://wageindicator.cn/salary/living-wages","View Living Wages in national language","https://wageindicator.org/salary/minimum-wage/china-custom","View Minimum Wage in English","https://wageindicator.cn/salary/minimumwagesinchina","View Minimum Wage in national language"
"CN2025129NRJ87M","2025-05-07","Xinjiang Yeheyuan Supply Chain Management Co., Ltd.","No. 21, 13th Floor, Sichuan-Yu Building, Headquarters Economic Zone, Shenka Avenue, Kashgar Economic Development Zone, Kashgar Region, Xinjiang","CN","China",39.448723,76.07253399999999,"Wholesale Trade","C4ADS [Public List] (C4ADS Production Locations List May 2025)","","Xinjiang Yeheyuan Fruit Industry Co., Ltd.","","","","","","","","","","","","","","","","","","","","","","","","","","","","","","","","","","","","","","","","False","","","","","","","","","","","","","","","","","","","","","","","","","","","","","","","","","","","","","","","","","","","","https://wageindicator.cn/salary/living-wages","View Living Wages in national language","https://wageindicator.org/salary/minimum-wage/china-custom","View Minimum Wage in English","https://wageindicator.cn/salary/minimumwagesinchina","View Minimum Wage in national language"
"CN2025129PPF94E","2025-05-07","Zhejiang Tianding Supply Chain Co., Ltd.","Room 1108, Building 1, No. 199, Tai&#39;an Road, Changhe Street, Binjiang District, Hangzhou City, Zhejiang Province","CN","China",30.20914999999999,120.20929,"Unspecified","C4ADS [Public List] (C4ADS Production Locations List May 2025)","","Xinjiang Western Resources Logistics Co., Ltd.","","","","Transportation","","","","","","","","","","","","","","","","","","","","","","","","","","","","","","","","","","","","False","","","","","","","","","","","","","","","","","","","","","","","","","","","","","","","","","","","","","","","","","","","","https://wageindicator.cn/salary/living-wages","View Living Wages in national language","https://wageindicator.org/salary/minimum-wage/china-custom","View Minimum Wage in English","https://wageindicator.cn/salary/minimumwagesinchina","View Minimum Wage in national language"
"CN2026071MVJDCX","2026-03-09","NINGBO LEFENG SUPPLY CHAIN CO., LTD.","Room 12A1 No 299 Lingyun Road Ningbo City 315100 Zhejiang Sheng China 315100","CN","China",29.88143,121.64997,"Unspecified","MANGO (MANGO 2025 Factory List)|A Brand / Retailer","","","Raw Material Processing or Production, Ginning, Spinning, Twisting/Texturizing Facility","","Ginning|Spinning|Raw Material Processing or Production|Twisting Texturizing Facility","","","","","","","","","","","","","","","","","","","","","","","","","","","","","","","","","","","","","False","","","","","","","","","","","","","","","","","","","","","","","","","","","","","","","","","","","","","","","","","","","","https://wageindicator.cn/salary/living-wages","View Living Wages in national language","https://wageindicator.org/salary/minimum-wage/china-custom","View Minimum Wage in English","https://wageindicator.cn/salary/minimumwagesinchina","View Minimum Wage in national language"
"CN2026092QJQD4Q","2026-04-02","Guizhou Longwei Supply Chain Co., Ltd.","Zone A Beicheng Industrial Parks, Yushui Street, Economic Development Zone, Dejiang County, Tongren City, Guizhou Province, China","CN","China",28.2640799,108.11987,"Unspecified","Worldly","","","","","","","","","","","","","","","","","","","","","","","","","","","","","","","","","","","","","","","","","","False","","","","","","","","","","","","","","","","","","","","","","","","","","","","","","","","","","","","","","","","","","","","https://wageindicator.cn/salary/living-wages","View Living Wages in national language","https://wageindicator.org/salary/minimum-wage/china-custom","View Minimum Wage in English","https://wageindicator.cn/salary/minimumwagesinchina","View Minimum Wage in national language"
"DE20190834P79AM","2019-03-24","Hanes Global Supply Chain Germany GmbH","Chonlinder Stasse 1-11,86956 SCHONGAU","DE","Germany",47.8161231,10.8927015,"Apparel","Hanesbrand Inc. [Public List] (Hanes Group Self-owned)|Worldly","","","","","","","","","","","","","","","","","","","","","","","","","","","","","","","","","","","","","","","","","","False","","","","","","","","","","","","","","","","","","","","","","","","","","","","","","","","","","","","","","","","","","","","https://wageindicator.de/lohn-gehalt/existenzsichernde-lohne","View Living Wages in national language","https://wageindicator.org/salary/minimum-wage/germany","View Minimum Wage in English","https://wageindicator.de/lohn-gehalt/mindestloehne","View Minimum Wage in national language"
"DE202230089VGV9","2022-10-26","Arvato Supply Chain Solutions Se","Reinhard Mohn Strasse 27, Gutersloh, Germany","DE","Germany",51.8817014,8.440115,"Unspecified","Social & Labor Convergence Program (SLCP)|Social & Labor Convergence Program (SLCP)|A Brand / Retailer|An Auditor / Certification Scheme / Service Provider|A Civil Society Organization|A Brand / Retailer|A Brand / Retailer|A Civil Society Organization|Social & Labor Convergence Program (SLCP) (Social & Labor Convergence Program List 2025)|A Civil Society Organization|The Walt Disney Company (The Walt Disney Company Facility List 2024)","","","","","","","","","","","","","","","","","","","","","","","","","","","","","","","","","","","","","","","","","","False","","","","","","","","","","","","","","","","","","","","","","","","Verification Finalized|Verification in Progress","2026-02-05|2026-02-05","Worldly (FFC)|Worldly (FFC)","International Compliance Group|International Compliance Group","FA107252|FA107252","","","","","","","","","","","","","","","","https://wageindicator.de/lohn-gehalt/existenzsichernde-lohne","View Living Wages in national language","https://wageindicator.org/salary/minimum-wage/germany","View Minimum Wage in English","https://wageindicator.de/lohn-gehalt/mindestloehne","View Minimum Wage in national language"
"DE2023185H3SR58","2023-07-04","DBI Supply Chain Germany GmbH","Schönlinder Str. 1-11, 86956 Schongau, Bayern","DE","Germany",47.81917,10.88439,"Unspecified","amfori|An Other","","","","","","","","","","","","","","","","","","","","","","","","","","","","","","","","","","","","","","","","","","False","","","2024-02-23","2022-02-23","","","","","","","","","","","","","","","","","","","","","","","","","","","","","","","","","","","","","","","","https://wageindicator.de/lohn-gehalt/existenzsichernde-lohne","View Living Wages in national language","https://wageindicator.org/salary/minimum-wage/germany","View Minimum Wage in English","https://wageindicator.de/lohn-gehalt/mindestloehne","View Minimum Wage in national language"
"DE2024030PMQQM0","2024-01-30","Hoffmann Supply Chain GmbH (HSC)","Poststraße 15","DE","Germany",49.4191507,11.1393653,"Apparel","An Auditor / Certification Scheme / Service Provider","","","","","","","","","","","","","","","","","","","","","","","","","","","","","","","","","","","","","","","","","","False","","","","","","","","","","","","","","","","","","","","","","","","","","","","","","","","","","","","","","","","","","","","https://wageindicator.de/lohn-gehalt/existenzsichernde-lohne","View Living Wages in national language","https://wageindicator.org/salary/minimum-wage/germany","View Minimum Wage in English","https://wageindicator.de/lohn-gehalt/mindestloehne","View Minimum Wage in national language"
"DO2026099TY8PCH","2026-04-01","Hanes Supply Chain Holdings Switzerland San Isidro","Autopista San Isidro KM18, Santo Domingo, Distrito Nacional, 21428","DO","Dominican Republic",18.4897913,-69.8238605,"Unspecified","Worldwide Responsible Accredited Production (WRAP) (WRAP's Facility List April 2026)|Worldwide Responsible Accredited Production (WRAP)|Worldwide Responsible Accredited Production (WRAP)","","","","","","","","","","","","","","","","","","","","","","","","","","","","","","","","","","","","","","","","","","False","","","","","","","","","","","","","","","","","","","","","","","","","","","","","","","","","","","","","","","active|active","2025-11-14|2025-11-14","2026-11-14|2026-11-14","","","https://tusalario.org/republicadominicana/salario/salarios-vitales","View Living Wages in national language","https://wageindicator.org/salary/minimum-wage/dominican-republic","View Minimum Wage in English","https://tusalario.org/republicadominicana/salario/salario-minimo","View Minimum Wage in national language"
"DO2026099ZCK07M","2026-04-01","Hanes Supply Chain Holding Switzerland-Las Americas","Autopista Las Americas Km. 22, Santo Domingo, Distrito Nacional","DO","Dominican Republic",18.4577303,-69.70866819999999,"Unspecified","Worldwide Responsible Accredited Production (WRAP) (WRAP's Facility List April 2026)|Worldwide Responsible Accredited Production (WRAP)","","","","","","","","","","","","","","","","","","","","","","","","","","","","","","","","","","","","","","","","","","False","","","","","","","","","","","","","","","","","","","","","","","","","","","","","","","","","","","","","","","active","2025-11-17","2026-11-17","","","https://tusalario.org/republicadominicana/salario/salarios-vitales","View Living Wages in national language","https://wageindicator.org/salary/minimum-wage/dominican-republic","View Minimum Wage in English","https://tusalario.org/republicadominicana/salario/salario-minimo","View Minimum Wage in national language"
"FR202230006PFV7","2022-10-26","XPO Supply Chain Poupry","Zne Interdépartementale D'Artenay Poupry, Poupry, France","FR","France",48.1003143,1.8360294,"Unspecified","A Brand / Retailer|A Brand / Retailer","","","","","","","","","","","","","","","","","","","","","","","","","","","","","","","","","","","","","","","","","","False","","","","","","","","","","","","","","","","","","","","","","","","","","","","","","","","","","","","","","","","","","","","https://votresalaire.fr/salaire/salaires-minimums-vitaux","View Living Wages in national language","https://wageindicator.org/salary/minimum-wage/france","View Minimum Wage in English","https://votresalaire.fr/salaire/salaireminimum","View Minimum Wage in national language"
"FR2024260Y81Q39","2024-09-15","ENTREPOT LA COURNEUVE Entrepôt Carrefour Supply Chain","53 RUE DE VERDUN, 93120 La Courneuve","FR","France",48.9312604,2.4123543,"Storage","Ecocert [Public List] (Ecocert - September 2024 Production Locations List)","","","Handler","","Handler"," Logistics| Warehouse ","","","","","","","","","","","","","","","","","","","","","","","","","","","","","","","","","","","","False","","","","","","","","","","","","","","","","","","","","","","","","","","","","","","","","","","","","","","","","","","","","https://votresalaire.fr/salaire/salaires-minimums-vitaux","View Living Wages in national language","https://wageindicator.org/salary/minimum-wage/france","View Minimum Wage in English","https://votresalaire.fr/salaire/salaireminimum","View Minimum Wage in national language"
"FR20243262H1ME1","2024-11-21","CARREFOUR SUPPLY CHAIN","CHE DES 50 ARPENTS, 91180 Saint-Germain-les-Arpajon, Essonne, Ile-de-France","FR","France",48.5927079,2.2801003,"Food & Beverage","European Commission: TRACES – TRAde Control and Expert System [Public List]","","","","","","","","","","","","","","","","","","","","","","","","","","","","","","","","","","","","","","","","","","False","","","","","","","","","","","","","","","","","","","","","","","","","","","","","","","","","","","","","","","","","","","","https://votresalaire.fr/salaire/salaires-minimums-vitaux","View Living Wages in national language","https://wageindicator.org/salary/minimum-wage/france","View Minimum Wage in English","https://votresalaire.fr/salaire/salaireminimum","View Minimum Wage in national language"
"FR202432698ZHW8","2024-11-21","CARREFOUR SUPPLY CHAIN","18 RTE DE LA CHARITE, 18390 Saint-Germain-du-Puy, Cher, Centre-Loire Valley","FR","France",47.101946,2.52513,"Food & Beverage","European Commission: TRACES – TRAde Control and Expert System [Public List]","","","","","","","","","","","","","","","","","","","","","","","","","","","","","","","","","","","","","","","","","","False","","","","","","","","","","","","","","","","","","","","","","","","","","","","","","","","","","","","","","","","","","","","https://votresalaire.fr/salaire/salaires-minimums-vitaux","View Living Wages in national language","https://wageindicator.org/salary/minimum-wage/france","View Minimum Wage in English","https://votresalaire.fr/salaire/salaireminimum","View Minimum Wage in national language"
"FR2024326AP3Z9P","2024-11-21","CARREFOUR SUPPLY CHAIN","ZONE INDUSTRIELLE RUE DU POIRIER ZI, 14650 Carpiquet, Calvados, Normandy","FR","France",49.1938009,-0.4515496,"Food & Beverage","European Commission: TRACES – TRAde Control and Expert System [Public List]","","","","","","","","","","","","","","","","","","","","","","","","","","","","","","","","","","","","","","","","","","False","","","","","","","","","","","","","","","","","","","","","","","","","","","","","","","","","","","","","","","","","","","","https://votresalaire.fr/salaire/salaires-minimums-vitaux","View Living Wages in national language","https://wageindicator.org/salary/minimum-wage/france","View Minimum Wage in English","https://votresalaire.fr/salaire/salaireminimum","View Minimum Wage in national language"
"FR2024326B9DY4E","2024-11-21","Carrefour Supply Chain","ZA du Monnet 20 rue du champ de verger ZAC du Monnet, 72700 Allonnes, Sarthe, Pays de la Loire","FR","France",47.946903,0.150401,"Food & Beverage","European Commission: TRACES – TRAde Control and Expert System [Public List]","","","","","","","","","","","","","","","","","","","","","","","","","","","","","","","","","","","","","","","","","","False","","","","","","","","","","","","","","","","","","","","","","","","","","","","","","","","","","","","","","","","","","","","https://votresalaire.fr/salaire/salaires-minimums-vitaux","View Living Wages in national language","https://wageindicator.org/salary/minimum-wage/france","View Minimum Wage in English","https://votresalaire.fr/salaire/salaireminimum","View Minimum Wage in national language"
"FR2024326BWHTDA","2024-11-21","GXO LOGISTICS OUEST FRANCE - XPO SUPPLY CHAIN OUEST FRANCE","LES BARABAS, 27520 Grand-Bourgtheroulde, Eure, Normandy","FR","France",49.3127141,0.8332089,"Food & Beverage","European Commission: TRACES – TRAde Control and Expert System [Public List]","","","","","","","","","","","","","","","","","","","","","","","","","","","","","","","","","","","","","","","","","","False","","","","","","","","","","","","","","","","","","","","","","","","","","","","","","","","","","","","","","","","","","","","https://votresalaire.fr/salaire/salaires-minimums-vitaux","View Living Wages in national language","https://wageindicator.org/salary/minimum-wage/france","View Minimum Wage in English","https://votresalaire.fr/salaire/salaireminimum","View Minimum Wage in national language"
"FR2024326HE736T","2024-11-21","CARREFOUR SUPPLY CHAIN","51 RUE DE VERDUN 51-53, 93120 La Courneuve, Seine-Saint-Denis, Ile-de-France","FR","France",48.93129649999999,2.4143797,"Food & Beverage","European Commission: TRACES – TRAde Control and Expert System [Public List]","","","","","","","","","","","","","","","","","","","","","","","","","","","","","","","","","","","","","","","","","","False","","","","","","","","","","","","","","","","","","","","","","","","","","","","","","","","","","","","","","","","","","","","https://votresalaire.fr/salaire/salaires-minimums-vitaux","View Living Wages in national language","https://wageindicator.org/salary/minimum-wage/france","View Minimum Wage in English","https://votresalaire.fr/salaire/salaireminimum","View Minimum Wage in national language"
"FR2024326MKHSB7","2024-11-21","CARREFOUR SUPPLY CHAIN","ZA ACTIPOLE DE MONDON, 54300 Moncel-les-Luneville, Meurthe-et-Moselle, Grand Est","FR","France",48.54506380000001,6.5693857,"Food & Beverage","European Commission: TRACES – TRAde Control and Expert System [Public List]","","","","","","","","","","","","","","","","","","","","","","","","","","","","","","","","","","","","","","","","","","False","","","","","","","","","","","","","","","","","","","","","","","","","","","","","","","","","","","","","","","","","","","","https://votresalaire.fr/salaire/salaires-minimums-vitaux","View Living Wages in national language","https://wageindicator.org/salary/minimum-wage/france","View Minimum Wage in English","https://votresalaire.fr/salaire/salaireminimum","View Minimum Wage in national language"
"FR2024326RH7B9F","2024-11-21","CARREFOUR SUPPLY CHAIN","ZAC LES CORMIERS LES CORMIERS, 35650 Le Rheu, Ille-et-Vilaine, Brittany","FR","France",48.08835999999999,-1.784491,"Food & Beverage","European Commission: TRACES – TRAde Control and Expert System [Public List]","","","","","","","","","","","","","","","","","","","","","","","","","","","","","","","","","","","","","","","","","","False","","","","","","","","","","","","","","","","","","","","","","","","","","","","","","","","","","","","","","","","","","","","https://votresalaire.fr/salaire/salaires-minimums-vitaux","View Living Wages in national language","https://wageindicator.org/salary/minimum-wage/france","View Minimum Wage in English","https://votresalaire.fr/salaire/salaireminimum","View Minimum Wage in national language"
"FR2024326VYTGXB","2024-11-21","CARREFOUR SUPPLY CHAIN","ZONE D AMENAGEMENT CONCERTE DU MOUTET RUE JOSEPH ARISTIDE AUXENFANS ZAC DU MOUTET, 18000 Bourges, Cher, Centre-Loire Valley","FR","France",47.0476843,2.3463714,"Food & Beverage","European Commission: TRACES – TRAde Control and Expert System [Public List]","","","","","","","","","","","","","","","","","","","","","","","","","","","","","","","","","","","","","","","","","","False","","","","","","","","","","","","","","","","","","","","","","","","","","","","","","","","","","","","","","","","","","","","https://votresalaire.fr/salaire/salaires-minimums-vitaux","View Living Wages in national language","https://wageindicator.org/salary/minimum-wage/france","View Minimum Wage in English","https://votresalaire.fr/salaire/salaireminimum","View Minimum Wage in national language"
"FR2024326Z76K0A","2024-11-21","CARREFOUR SUPPLY CHAIN","ZONE INDUSTRIELLE RUE LOUIS ARMAND, 60800 Crepy-en-Valois, Oise, Nord-Pas-de-Calais and Picardy","FR","France",49.2361549,2.890059,"Food & Beverage","European Commission: TRACES – TRAde Control and Expert System [Public List]","","","","","","","","","","","","","","","","","","","","","","","","","","","","","","","","","","","","","","","","","","False","","","","","","","","","","","","","","","","","","","","","","","","","","","","","","","","","","","","","","","","","","","","https://votresalaire.fr/salaire/salaires-minimums-vitaux","View Living Wages in national language","https://wageindicator.org/salary/minimum-wage/france","View Minimum Wage in English","https://votresalaire.fr/salaire/salaireminimum","View Minimum Wage in national language"
"FR2024326ZZ7DQM","2024-11-21","CARREFOUR SUPPLY CHAIN","ZAC DE LA MENUDE 1 RUE DU DOCTEUR CHARCOT ZAC DE LA MENUDE, 31830 Plaisance-du-Touch, Haute-Garonne, Occitania","FR","France",43.5935012,1.2943846,"Food & Beverage","European Commission: TRACES – TRAde Control and Expert System [Public List]","","","","","","","","","","","","","","","","","","","","","","","","","","","","","","","","","","","","","","","","","","False","","","","","","","","","","","","","","","","","","","","","","","","","","","","","","","","","","","","","","","","","","","","https://votresalaire.fr/salaire/salaires-minimums-vitaux","View Living Wages in national language","https://wageindicator.org/salary/minimum-wage/france","View Minimum Wage in English","https://votresalaire.fr/salaire/salaireminimum","View Minimum Wage in national language"
"GB2021316JYT1FJ","2021-11-11","Advanced Supply Chain","Sidhill Business Park, Holmfield Ind. Estate, Halifax","GB","United Kingdom",53.7591891,-1.873516,"Apparel","A Brand / Retailer|A Brand / Retailer|A Brand / Retailer|A Brand / Retailer","","","","","","","","","","","","","","","","","","","","","","","","","","","","","","","","","","","","","","","","","","False","","","","","","","","","","","","","","","","","","","","","","","","","","","","","","","","","","","","","","","","","","","","https://wageindicator.co.uk/pay/living-wages","View Living Wages in national language","https://wageindicator.org/salary/minimum-wage/united-kingdom","View Minimum Wage in English","https://wageindicator.co.uk/pay/minimum-wages","View Minimum Wage in national language"
"GB2024047W1M5N7","2024-02-14","Bluestones Supply Chain Limited","Suite 3, Willow House, Kestrel View, Bellshill, Glasgow, ML4 3PB","GB","United Kingdom",55.8351688,-4.0388036,"Unspecified","A Brand / Retailer|A Brand / Retailer|A Brand / Retailer","","","","","","","","","","","","","","","","","","","","","","","","","","","","","","","","","","","","","","","","","","False","","","","","","","","","","","","","","","","","","","","","","","","","","","","","","","","","","","","","","","","","","","","https://wageindicator.co.uk/pay/living-wages","View Living Wages in national language","https://wageindicator.org/salary/minimum-wage/united-kingdom","View Minimum Wage in English","https://wageindicator.co.uk/pay/minimum-wages","View Minimum Wage in national language"
"GB20242350ABTHV","2024-08-22","Vantiva Supply Chain Solutions - Rugby","Cosford Lane Swift Valley Industrial Estate, Rugby, Warwickshire CV21 1QN","GB","United Kingdom",52.3971785,-1.2658182,"Unspecified","A Brand / Retailer|An Auditor / Certification Scheme / Service Provider|A Civil Society Organization|The Walt Disney Company (The Walt Disney Company Facility List 2024)","","","","","","","","","","","","","","","","","","","","","","","","","","","","","","","","","","","","","","","","","","False","","","","","","","","","","","","","","","","","","","","","","","","","","","","","","","","","","","","","","","","","","","","https://wageindicator.co.uk/pay/living-wages","View Living Wages in national language","https://wageindicator.org/salary/minimum-wage/united-kingdom","View Minimum Wage in English","https://wageindicator.co.uk/pay/minimum-wages","View Minimum Wage in national language"
"GB2025297DSJX92","2025-10-24","NHS Supply Chain","Unit 9, Fortress Way, Rougham, Suffolk, IP32 7FQ","GB","United Kingdom",52.2392966,0.7600318,"Food & Beverage|Food Industry","UK Food Standards Agency [Public List] (Distributors, Transporters as of October 2025)","","","Warehousing / Distribution","","Warehousing Distribution","","","","","","","","","","","","","","","","","","","","","","","","","","","","","","","","","","","","","False","","","","","","","","","","","","","","","","","","","","","","","","","","","","","","","","","","","","","","","","","","","","https://wageindicator.co.uk/pay/living-wages","View Living Wages in national language","https://wageindicator.org/salary/minimum-wage/united-kingdom","View Minimum Wage in English","https://wageindicator.co.uk/pay/minimum-wages","View Minimum Wage in national language"
"GB2025297QQ16TK","2025-10-24","DHL Supply Chain","Unit 2 Waver Way, Rugby, Warwickshire, CV23 0XF","GB","United Kingdom",52.4057281,-1.2517864,"Food & Beverage|Food Industry","UK Food Standards Agency [Public List] (Distributors, Transporters as of October 2025)","","","Warehousing / Distribution","","Warehousing Distribution","","","","","","","","","","","","","","","","","","","","","","","","","","","","","","","","","","","","","False","","","","","","","","","","","","","","","","","","","","","","","","","","","","","","","","","","","","","","","","","","","","https://wageindicator.co.uk/pay/living-wages","View Living Wages in national language","https://wageindicator.org/salary/minimum-wage/united-kingdom","View Minimum Wage in English","https://wageindicator.co.uk/pay/minimum-wages","View Minimum Wage in national language"
"GB2025297TEH4KM","2025-10-24","Stanford Supply Chain Services Limited","Unit 25, Whistleberry Park, Whistleberry Industrial Park, Hamilton, ML3 0ED","GB","United Kingdom",55.7888423,-4.0713969,"Food & Beverage|Food Industry","UK Food Standards Agency [Public List] (Distributors, Transporters as of October 2025)","","","Warehousing / Distribution","","Warehousing Distribution","","","","","","","","","","","","","","","","","","","","","","","","","","","","","","","","","","","","","False","","","","","","","","","","","","","","","","","","","","","","","","","","","","","","","","","","","","","","","","","","","","https://wageindicator.co.uk/pay/living-wages","View Living Wages in national language","https://wageindicator.org/salary/minimum-wage/united-kingdom","View Minimum Wage in English","https://wageindicator.co.uk/pay/minimum-wages","View Minimum Wage in national language"
"GB2026064SXSB0Q","2026-02-26","Advanced Supply Chain Group HP","Hunter Point, Breaky Road, Corby, NN15 5JE","GB","United Kingdom",52.500061,-0.6478912,"Packaging","Asda (Asda facility list Feb 2026)","","","Agent","","Agent","","","","","","","","","","","","","","","","","","","","","","","","","","","","","","","","","","","","","False","","","","","","","","","","","","","","","","","","","","","","","","","","","","","","","","","","","","","","","","","","","","https://wageindicator.co.uk/pay/living-wages","View Living Wages in national language","https://wageindicator.org/salary/minimum-wage/united-kingdom","View Minimum Wage in English","https://wageindicator.co.uk/pay/minimum-wages","View Minimum Wage in national language"
"HK2021049NMV4DT","2021-02-18","CIGL - supply chain","Kwun Tong, Hong Kong","HK","Hong Kong",22.3103686,114.2227035,"Apparel","Worldly","","","","","","","","","","","","","","","","","","","","","","","","","","","","","","","","","","","","","","","","","","False","","","","","","","","","","","","","","","","","","","","","","","","","","","","","","","","","","","","","","","","","","","","https://wageindicator.hk/5de58d44/living-wages","View Living Wages in national language","https://wageindicator.org/salary/minimum-wage/hongkong","View Minimum Wage in English","https://wageindicator.org/zh-hk/work-in-hongkong/minimum-wage","View Minimum Wage in national language"
"HK2024249KS8M1K","2024-09-05","Yue Lee Supply Chain Limited","Lot 1477B D.D. 117, Yuen Long, Yuen Long0, Hong Kong","HK","Hong Kong",22.4445376,114.0222076,"Apparel","A Civil Society Organization","","","","","","","","","","","","","","","","","","","","","","","","","","","","","","","","","","","","","","","","","","False","","","","","","","","","","","","","","","","","","","","","","","","","","","","","","","","","","","","","","","","","","","","https://wageindicator.hk/5de58d44/living-wages","View Living Wages in national language","https://wageindicator.org/salary/minimum-wage/hongkong","View Minimum Wage in English","https://wageindicator.org/zh-hk/work-in-hongkong/minimum-wage","View Minimum Wage in national language"
"ID2022116DXH43X","2022-04-26","PT HANES SUPPLY CHAIN INDONESIA","JALAN JABABEKA XIIB BLOK W, NO 39, CIKARANG, N/A, N/A","ID","Indonesia",-6.276885,107.13896,"Apparel|Unspecified","Worldwide Responsible Accredited Production (WRAP) (WRAP's Facility List April 2026)|Worldwide Responsible Accredited Production (WRAP)|Worldwide Responsible Accredited Production (WRAP)|An Auditor / Certification Scheme / Service Provider|Hanesbrand Inc. [Public List] (HanesBrands April 2022 Owned Facility List)|Wikirate International e.V. (2020 Apparel Suppliers on Wikirate part 11)|Hanesbrand Inc. [Public List] (Hanes Brands February 2023 Owned Facility List)|Worldwide Responsible Accredited Production (WRAP) (WRAP Facility List December 2024)|Worldwide Responsible Accredited Production (WRAP) (WRAP Facility List 04222025)","2141|1931|2056|1931","Hanesbrands Inc Corporate|Hanesbrands Inc Corporate","Apparel|Cut & Sew","","Cut & Sew","","","","","","","","","","","","","","","","","","","","","","","","","","","","","","","","","","","","","False","","","","","","","","","","","","","","","","","","","","","","","","","","","","","","","","","","","","","","","active|active","2025-11-04|2025-11-04","2026-11-04|2026-11-04","","","https://wageindicator.org/id-id/bekerja-di-indonesia/upah-layak","View Living Wages in national language","https://wageindicator.org/salary/minimum-wage/indonesia","View Minimum Wage in English","https://wageindicator.org/id-id/bekerja-di-indonesia/upah-minimum","View Minimum Wage in national language"
"ID2023065XFZD6X","2023-03-06","PT Hanes Supply Chain Indonesia (FACILITY)","Jl. Albasia Raya Kav. K8 No. 14A – 16B Delta silicon 8 Lippo Cikarang, Desa Cicau, Kecamatan Cikarang Pusat","ID","Indonesia",-6.3624013,107.135659,"Apparel","An Auditor / Certification Scheme / Service Provider","","","","","","","","","","","","","","","","","","","","","","","","","","","","","","","","","","","","","","","","","","False","","","","","","","","","","","","","","","","","","","","","","","","","","","","","","","","","","","","","","","","","","","","https://wageindicator.org/id-id/bekerja-di-indonesia/upah-layak","View Living Wages in national language","https://wageindicator.org/salary/minimum-wage/indonesia","View Minimum Wage in English","https://wageindicator.org/id-id/bekerja-di-indonesia/upah-minimum","View Minimum Wage in national language"
"IN2024178C6570D","2024-06-26","Renuka Devi Supply Chain and Storage","Village : Dedtalai, Tehsil : Khaknar, Burhanpur, MADHYA PRADESH","IN","India",21.4984419,76.7625073,"Agriculture|Commodities|Farming|Food|Food & Beverage|Food Industry|Food Manufacturing|Storage|Warehousing","Warehousing Development and Regulatory Authority (WDRA) [Public List]  (WRDA - June 2024 Production Locations List 1)","","","Warehouse","","Warehouse","","","","","","","","","","","","","","","","","","","","","","","","","","","","","","","","","","","","","False","","","","","","","","","","","","","","","","","","","","","","","","","","","","","","","","","","","","","","","","","","","","https://paycheck.in/salary/living-wages","View Living Wages in national language","https://wageindicator.org/salary/minimum-wage/india","View Minimum Wage in English","https://paycheck.in/salary/minimumwages","View Minimum Wage in national language"
"IN2024330EGTARZ","2024-11-05","Local Supply Chain Onset Exporters/Local Factories","Kolkata, West Bengal, India","IN","India",22.5743545,88.3628734,"Apparel","Wikirate International e.V. (2020 Apparel Suppliers on Wikirate part 14)","","","","","","","","","","","","","","","","","","","","","","","","","","","","","","","","","","","","","","","","","","False","","","","","","","","","","","","","","","","","","","","","","","","","","","","","","","","","","","","","","","","","","","","https://paycheck.in/salary/living-wages","View Living Wages in national language","https://wageindicator.org/salary/minimum-wage/india","View Minimum Wage in English","https://paycheck.in/salary/minimumwages","View Minimum Wage in national language"
"IN2025009VRA7S6","2025-01-09","DHL Supply Chain India Pvt Ltd","#298/1A, 311/1 To 311/3 & 312/1 Mayasandra village Anekal - Attibele Road Anekal Taluk Bangalore - 562 107 India","IN","India",12.8194134,77.7855324,"Unspecified","Social & Labor Convergence Program (SLCP)|Social & Labor Convergence Program (SLCP)|Worldly|Worldly","","","","","","","","","","","","","","","","","","","","","","","","","","","","","","","","","","","","","","","","","","False","","","","","","","","","","","","","","","","","","","","","","","","Verification Finalized|Verification in Progress","2025-12-29|2025-12-29","Worldly (FFC)|Worldly (FFC)","SGS|SGS","FA316510|FA316510","","","","","","","","","","","","","","","","https://paycheck.in/salary/living-wages","View Living Wages in national language","https://wageindicator.org/salary/minimum-wage/india","View Minimum Wage in English","https://paycheck.in/salary/minimumwages","View Minimum Wage in national language"
"JP20253529B4YEH","2025-12-18","Mitsui-Soko Supply Chain Solutions Co., Ltd. Head Office","MSH NIHONBASHI HAKOZAKI BLD., 19-21 Nihonbashihakozakicho, Chuo City, Tokyo 103-0015, Japan","JP","Japan",35.679294,139.7867064,"Manufacturing","gBizINFO (Japan Corporate Information Database) [Public List]","","Mitsui-Soko Supply Chain Solutions Co., Ltd.","","","","","","","","","","","","","","","","","","","","","","","","","","","","","","","","","","","","","","","","False","","","","","","","","","","","","","","","","","","","","","","","","","","","","","","","","","","","","","","","","","","","","https://kyuryocheck.jp/kyuryo/seikatsu-chingin","View Living Wages in national language","https://wageindicator.org/salary/minimum-wage/japan","View Minimum Wage in English","https://kyuryocheck.jp/home/kyuryo/Saiteichingin","View Minimum Wage in national language"
"KZ20250561WYFFJ","2025-02-25","BLACK PANTHER SUPPLY CHAIN LTD. PRIVATE COMPANY","Mangilik El Ave, Building 8, ASTANA CITY, ESIL DISTRICT","KZ","Kazakhstan",51.125086,71.436193,"Chemicals|Manufacturing","Open Supply Hub Research Team [Public Data]","","","","","","","","","","","","","","","","","","","","","","","","","","","","","","","","","","","","","","","","","","False","","","","","","","","","","","","","","","","","","","","","","","","","","","","","","","","","","","","","","","","","","","","https://mojazarplata.kz/zarabotnaja-plata/prozhitochneye-minimumy","View Living Wages in national language","https://wageindicator.org/salary/minimum-wage/kazakhstan","View Minimum Wage in English","https://wageindicator.org/ru-kz/rabota-v-kazakhstane/minimalnaya-zarabotnaya-plata","View Minimum Wage in national language"
"LK2024336MTRV5H","2024-11-05","MAS - Hellmann Supply Chain (Private) Limited","Phase 2, EPZ, Katunayake, Western","LK","Sri Lanka",7.1590408,79.8783334,"Apparel","Wikirate International e.V. (2020 Apparel Suppliers on Wikirate part 13)","62","","","","","","","","","","","","","","","","","","","","","","","","","","","","","","","","","","","","","","","","","False","","","","","","","","","","","","","","","","","","","","","","","","","","","","","","","","","","","","","","","","","","","","https://salary.lk/salary/living-wages","View Living Wages in national language","https://wageindicator.org/salary/minimum-wage/sri-lanka","View Minimum Wage in English","https://salary.lk/salary/minimum-wage","View Minimum Wage in national language"
"MX20242370Z1VK7","2024-08-22","Vantiva Supply Chain Solutions de Mexico S. DE R.L. DE C.V. - Mexicali","Calz.Gustavo Vildosola Castro No. 1769 Col. Ex-Ejido Coahuila, Mexicali, Baja California 21360","MX","Mexico",32.6140286,-115.4401568,"Arts|Arts & Entertainment|Consumer Electronics|Durable Goods|Entertainment|Paper Products|Plastics|Printing|Toys|Unspecified","An Auditor / Certification Scheme / Service Provider|A Brand / Retailer|A Civil Society Organization|The Walt Disney Company (The Walt Disney Company Facility List 2024)","","","","","","","","","","","","","","","","","","","","","","","","","","","","","","","","","","","","","","","","","","False","","","","","","","","","","","","","","","","","","","","","","","","","","","","","","","","","","","","","","","","","","","","https://misalario.org/tu-salario/salarios-vitales","View Living Wages in national language","https://wageindicator.org/salary/minimum-wage/mexico","View Minimum Wage in English","https://wageindicator.org/es-mx/trabajo-en-mexico/salario-minimo","View Minimum Wage in national language"
"MX2025178J6XY7R","2025-06-27","VENTAMEX SUPPLY CHAIN MANAGEMENT","CALLE SEBASTIAN VISCAINO 418, FRACCIONAMIENTO GARITA DE OTAY, Tijuana, Baja California, C.P. 22509","MX","Mexico",32.5415061,-116.9402467,"Wholesale Trade","INEGI - National Statistical Directory of Economic Units (DENUE) [Public List]","6-10","","","","","","","","","","","","","","","","","","","","","","","","","","","","","","","","","","","","","","","","","False","","","","","","","","","","","","","","","","","","","","","","","","","","","","","","","","","","","","","","","","","","","","https://misalario.org/tu-salario/salarios-vitales","View Living Wages in national language","https://wageindicator.org/salary/minimum-wage/mexico","View Minimum Wage in English","https://wageindicator.org/es-mx/trabajo-en-mexico/salario-minimo","View Minimum Wage in national language"
"MX2025208ENT3E6","2025-07-27","YOBEL SUPPLY CHAIN MANAGEMENT","AVENIDA TEJOCOTES SN, INT. 9, PARQUE INDUSTRIAL SAN MARTIN OBISTO, Cuautitlán Izcalli, México, C.P. 54763","MX","Mexico",19.6076742,-99.20711519999999,"Beauty Products|Manufacturing","INEGI - National Statistical Directory of Economic Units (DENUE) [Public List]","101-250","","","","","","","","","","","","","","","","","","","","","","","","","","","","","","","","","","","","","","","","","False","","","","","","","","","","","","","","","","","","","","","","","","","","","","","","","","","","","","","","","","","","","","https://misalario.org/tu-salario/salarios-vitales","View Living Wages in national language","https://wageindicator.org/salary/minimum-wage/mexico","View Minimum Wage in English","https://wageindicator.org/es-mx/trabajo-en-mexico/salario-minimo","View Minimum Wage in national language"
"NL20230631HRKX4","2023-03-04","Distribution Center Venlo (NL) - XPO Supply Chain Netherlands B.V.","george vancouverstraat","NL","Netherlands",51.4044271,6.0771672,"Apparel","An Auditor / Certification Scheme / Service Provider","","","","","","","","","","","","","","","","","","","","","","","","","","","","","","","","","","","","","","","","","","False","","","","","","","","","","","","","","","","","","","","","","","","","","","","","","","","","","","","","","","","","","","","https://loonwijzer.nl/salaris/leefbaar-loon","View Living Wages in national language","https://wageindicator.org/salary/minimum-wage/netherlands","View Minimum Wage in English","https://loonwijzer.nl/salaris/minimumloon-check","View Minimum Wage in national language"
"NL2023296HEQD7W","2023-10-23","Henkel Global Supply Chain Bv - Amsterdam","Netherlands - Gustav Mahlerlaan 2970, 1081 La Amsterdam","NL","Netherlands",52.336989,4.8619115,"Aerospace|Agriculture|Automotive|Chemicals|Electronics|Energy|Food|Food & Beverage|Food Manufacturing|Furniture|Manufacturing|Rail Transportation","Roundtable on Sustainable Palm Oil (RSPO) [Public List] (Roundtable on Sustainable Palm Oil September 2022)|Henkel [Public List] (Henkel December 2023 Facility List)","","Henkel AG & Co. KGaA|Henkel AG & Co. KGaA","","","","Building Components|Personal Hygiene Adhesives|Tapes|Fashion|Industrial Maintenance and Repair (MRO)|Data|Power Generation and Conversion|Metals|Packaging & Paper|Graphics|Medical|Engineered Wood|Labels|Sports|Telecom Infracstructure","","","","","","","","","","","","","","","","","","","","","","","","","","","","","","","","","","","","False","","","","","","","","","","","","","","","","","","","","","","","","","","","","","","","","","","","","","","","","","","","","https://loonwijzer.nl/salaris/leefbaar-loon","View Living Wages in national language","https://wageindicator.org/salary/minimum-wage/netherlands","View Minimum Wage in English","https://loonwijzer.nl/salaris/minimumloon-check","View Minimum Wage in national language"
"NL20233172ZXZMX","2023-11-09","H.J. HEINZ SUPPLY CHAIN","WESTKANAALDIJK 9, 3542 DA , UTRECHT","NL","Netherlands",52.129221,5.047076,"Food","HEMA B.V. (HEMA Producion locations October 2023)","","","","","","","","","","","","","","","","","","","","","","","","","","","","","","","","","","","","","","","","","","False","","","","","","","","","","","","","","","","","","","","","","","","","","","","","","","","","","","","","","","","","","","","https://loonwijzer.nl/salaris/leefbaar-loon","View Living Wages in national language","https://wageindicator.org/salary/minimum-wage/netherlands","View Minimum Wage in English","https://loonwijzer.nl/salaris/minimumloon-check","View Minimum Wage in national language"
"NL2024282Z70GSX","2024-10-08","DHL Supply Chain (Netherlands) BV","Bijsterhuizen 3142 Wijchen","NL","Netherlands",51.8215878,5.7727986,"Health|Healthcare|Pharmaceuticals","US Food & Drug Administration (FDA) [Public List]|US Food & Drug Administration (FDA) [Public List]","","","","","","","","","","","","","","","","","","","","","","","","","","","","","","","","","","","","","","","","","","False","","","","","","","","","","","","","","","","","","","","","","","","","","","","","","","","","","","","","","","","","","","","https://loonwijzer.nl/salaris/leefbaar-loon","View Living Wages in national language","https://wageindicator.org/salary/minimum-wage/netherlands","View Minimum Wage in English","https://loonwijzer.nl/salaris/minimumloon-check","View Minimum Wage in national language"
"NL20243279QHAR1","2024-11-22","XPO Supply Chain NETHERLANDS B.V.","Plesmanstraat 22, 7903 Hoogeveen, Drenthe, Netherlands","NL","Netherlands",52.7342301,6.5217784,"Food & Beverage","European Commission: TRACES – TRAde Control and Expert System [Public List]","","","","","","","","","","","","","","","","","","","","","","","","","","","","","","","","","","","","","","","","","","False","","","","","","","","","","","","","","","","","","","","","","","","","","","","","","","","","","","","","","","","","","","","https://loonwijzer.nl/salaris/leefbaar-loon","View Living Wages in national language","https://wageindicator.org/salary/minimum-wage/netherlands","View Minimum Wage in English","https://loonwijzer.nl/salaris/minimumloon-check","View Minimum Wage in national language"
"NL2024327M0D77X","2024-11-22","XPO Supply Chain NETHERLANDS","Kokerbijl 27, 5443 Haps, North Brabant, Netherlands","NL","Netherlands",51.6953754,5.876205,"Food Industry","European Commission: TRACES – TRAde Control and Expert System [Public List]","","","","","","","","","","","","","","","","","","","","","","","","","","","","","","","","","","","","","","","","","","False","","","","","","","","","","","","","","","","","","","","","","","","","","","","","","","","","","","","","","","","","","","","https://loonwijzer.nl/salaris/leefbaar-loon","View Living Wages in national language","https://wageindicator.org/salary/minimum-wage/netherlands","View Minimum Wage in English","https://loonwijzer.nl/salaris/minimumloon-check","View Minimum Wage in national language"
"NL2024327YVJD7D","2024-11-22","XPO Supply Chain NETHERLANDS B.V.","Marga Klompeweg 10, 5015 Tilburg, North Brabant, Netherlands","NL","Netherlands",51.5342019,5.0344691,"Food & Beverage","European Commission: TRACES – TRAde Control and Expert System [Public List]","","","","","","","","","","","","","","","","","","","","","","","","","","","","","","","","","","","","","","","","","","False","","","","","","","","","","","","","","","","","","","","","","","","","","","","","","","","","","","","","","","","","","","","https://loonwijzer.nl/salaris/leefbaar-loon","View Living Wages in national language","https://wageindicator.org/salary/minimum-wage/netherlands","View Minimum Wage in English","https://loonwijzer.nl/salaris/minimumloon-check","View Minimum Wage in national language"
"NO2025351G4SECP","2025-12-17","TECO2030 SUPPLY CHAIN AS","Lilleakerveien 6D, 0283 OSLO","NO","Norway",59.91540589999999,10.6358082,"Wholesale Trade","Brønnøysund Register Centre [Public List]","","","","","","","","","","","","","","","","","","","","","","","","","","","","","","","","","","","","","","","","","","False","","","","","","","","","","","","","","","","","","","","","","","","","","","","","","","","","","","","","","","","","","","","https://wageindicator.no/lonn/levelonn","View Living Wages in national language","https://wageindicator.org/salary/minimum-wage/norway","View Minimum Wage in English","https://wageindicator.org/no-no/jobb-i-norge/minstelonn","View Minimum Wage in national language"
"NZ20243273GGBX7","2024-11-22","Supply Chain Solutions (NZ) (2021) Limited","74 Westney Road, Mangere, 2583 Auckland, Auckland","NZ","New Zealand",-36.9830163,174.7887861,"Building Construction","European Commission: TRACES – TRAde Control and Expert System [Public List]","","","","","","","","","","","","","","","","","","","","","","","","","","","","","","","","","","","","","","","","","","False","","","","","","","","","","","","","","","","","","","","","","","","","","","","","","","","","","","","","","","","","","","","https://mywage.co.nz/salaries/living-wages","View Living Wages in national language","https://wageindicator.org/salary/minimum-wage/new-zealand","View Minimum Wage in English","https://wageindicator.org/en-nz/work-in-new-zealand/minimum-wage","View Minimum Wage in national language"
"PH2025181GDBH37","2025-06-27","IMDS SUPPLY CHAIN SOLUTIONS CORP.","MAGUYAM ROAD, BRGY. MAGUYAM, Silang, Cavite","PH","Philippines",14.2559768,121.0044575,"Medical Equipment & Services","","","","","","","","","","","","","","","","","","","","","","","","","","","","","","","","","","","","","","","","","","","False","","","","","","","","","","","","","","","","","","","","","","","","","","","","","","","","","","","","","","","","","","","","https://mywage.org/philippines/salary/living-wages","View Living Wages in national language","https://wageindicator.org/salary/minimum-wage/philippines","View Minimum Wage in English","https://mywage.org/philippines/salary/minimum-wages","View Minimum Wage in national language"
"PH202518293EZ7C","2025-06-30","DHL EXEL SUPPLY CHAIN PHILS., INC.","Unit 2503 Antel Global Corporate Center, Julia Vargas Avenue, Ortigas Center, Pasig, Metro Manila","PH","Philippines",14.5841893,121.0628772,"Medical Equipment & Services|Wholesale Trade","","","","","","","","","","","","","","","","","","","","","","","","","","","","","","","","","","","","","","","","","","","False","","","","","","","","","","","","","","","","","","","","","","","","","","","","","","","","","","","","","","","","","","","","https://mywage.org/philippines/salary/living-wages","View Living Wages in national language","https://wageindicator.org/salary/minimum-wage/philippines","View Minimum Wage in English","https://mywage.org/philippines/salary/minimum-wages","View Minimum Wage in national language"
"PH20251829GMHS3","2025-06-30","LITE XPRESS SUPPLY CHAIN INC.","21 Natib St., Kaunlaran, District 4, Quezon City, Metro Manila","PH","Philippines",14.6184379,121.0464693,"Pharmaceuticals|Wholesale Trade","","","","","","","","","","","","","","","","","","","","","","","","","","","","","","","","","","","","","","","","","","","False","","","","","","","","","","","","","","","","","","","","","","","","","","","","","","","","","","","","","","","","","","","","https://mywage.org/philippines/salary/living-wages","View Living Wages in national language","https://wageindicator.org/salary/minimum-wage/philippines","View Minimum Wage in English","https://mywage.org/philippines/salary/minimum-wages","View Minimum Wage in national language"
"PK2025293BE0WJS","2025-10-19","M/S EMAN SUPPLY CHAIN (PVT) LTD.","OFFICE # 1211-1212, 12TH FLOOR, SAIMA TRADE TOWER, BLOCK-B, I.I CHUNDRIGAR ROAD, KARACHI","PK","Pakistan",24.8512065,67.0168497,"Food|Food & Beverage|Food Industry","Rice Exporters Association of Pakistan [Public List] (REAP Member List as of October 2025)","","","","","","Rice","","","","","","","","","","","","","","","","","","","","","","","","","","","","","","","","","","","","False","","","","","","","","","","","","","","","","","","","","","","","","","","","","","","","","","","","","","","","","","","","","https://paycheck.pk/salary/living-wages","View Living Wages in national language","https://wageindicator.org/salary/minimum-wage/pakistan","View Minimum Wage in English","https://paycheck.pk/salary/minimum-wages/","View Minimum Wage in national language"
"PL2024236AF1C9Y","2024-08-22","Vantiva Supply Chain Solutions - Piaseczno","ul. Julianowska 65A, Piaseczno, 05-500","PL","Poland",52.09858149999999,21.052268,"Unspecified","A Brand / Retailer|An Auditor / Certification Scheme / Service Provider|A Civil Society Organization|The Walt Disney Company (The Walt Disney Company Facility List 2024)","","","","","","","","","","","","","","","","","","","","","","","","","","","","","","","","","","","","","","","","","","False","","","","","","","","","","","","","","","","","","","","","","","","","","","","","","","","","","","","","","","","","","","","https://twojezarobki.com/wynagrodzenia/placa-wystarczajaca-na-utrzymanie","View Living Wages in national language","https://wageindicator.org/salary/minimum-wage/poland","View Minimum Wage in English","https://wageindicator.org/pl-pl/praca-w-polsce/placa-minimalna","View Minimum Wage in national language"
"RO2021056BPCQ0N","2021-02-25","HANES GLOBAL SUPPLY CHAIN ROMANIA Zalau-ROMANIA","Mihai Viteazu Nr. 91 B, 450126","RO","Romania",46.5405653,23.756132,"Apparel","Worldly|An Auditor / Certification Scheme / Service Provider","","","","","","","","","","","","","","","","","","","","","","","","","","","","","","","","","","","","","","","","","","False","","","","","","","","","","","","","","","","","","","","","","","","","","","","","","","","","","","","","","","","","","","","https://salariulmeu.org/romania/salariu/salarii-pentru-un-trai-decent","View Living Wages in national language","https://wageindicator.org/salary/minimum-wage/romania","View Minimum Wage in English","https://wageindicator.org/ro-ro/munca-in-romania/salariu-minim","View Minimum Wage in national language"
"SE2020191DRX1MY","2020-07-09","Elis Design & Supply Chain Centre AB","Exportgatan 26, Hisings Backa","SE","Sweden",57.742401,11.9936054,"Apparel","Better Cotton (Better Cotton Initiative June 2020)|Better Cotton (Better Cotton Initiative May 2021)","","","","","","","","","","","","","","","","","","","","","","","","","","","","","","","","","","","","","","","","","","False","","","","","","","","","","","","","","","","","","","","","","","","","","","","","","","","","","","","","","","","","","","","https://lonecheck.se/loene/levnadsloner","View Living Wages in national language","https://wageindicator.org/salary/minimum-wage/sweden","View Minimum Wage in English","https://lonecheck.se/loene/minimilon","View Minimum Wage in national language"
"SE2025030NVG9Q4","2025-01-30","DHL Supply Chain (Sweden) AB","Paketvagen 1, 70236 Orebro, Orebro kommun, Orebro County","SE","Sweden",59.2123346,15.1569894,"Food & Beverage","European Commission: TRACES – TRAde Control and Expert System [Public List]","","","","","","","","","","","","","","","","","","","","","","","","","","","","","","","","","","","","","","","","","","False","","","","","","","","","","","","","","","","","","","","","","","","","","","","","","","","","","","","","","","","","","","","https://lonecheck.se/loene/levnadsloner","View Living Wages in national language","https://wageindicator.org/salary/minimum-wage/sweden","View Minimum Wage in English","https://lonecheck.se/loene/minimilon","View Minimum Wage in national language"
"SG2023347FH87GE","2023-12-13","Henkel APAC Supply Chain Pte Ltd","#11-01 mTower, 460 Alexandra Road, 119963","SG","Singapore",1.2736485,103.8012116,"Aerospace|Automotive|Chemicals|Electronics|Energy|Furniture|Manufacturing|Rail Transportation","Henkel [Public List] (Henkel December 2023 Facility List)","","Henkel AG & Co. KGaA","","","","Building Components|Personal Hygiene Adhesives|Tapes|Fashion|Industrial Maintenance and Repair (MRO)|Data|Power Generation and Conversion|Metals|Packaging & Paper|Graphics|Medical|Engineered Wood|Labels|Sports|Telecom Infracstructure","","","","","","","","","","","","","","","","","","","","","","","","","","","","","","","","","","","","False","","","","","","","","","","","","","","","","","","","","","","","","","","","","","","","","","","","","","","","","","","","","https://mywage.org/singapore-zh/salary/living-wages","View Living Wages in national language","https://wageindicator.org/salary/minimum-wage/singapore","View Minimum Wage in English","https://mywage.org/singapore-zh/minimum-wage","View Minimum Wage in national language"
"TN2019172EB8GQ0","2019-06-21","Supply Chain Fashion","Rue Farhat Hached 5041 Menzel Khir Monastir","TN","Tunisia",35.71426659999999,10.683475,"Apparel|Textiles|Unspecified","Fair Wear Foundation (Fair Wear Oct 2025)|Bel&Bo (Bel&Bo Facility list March 2026)|A Multi-Stakeholder Initiative|A Multi-Stakeholder Initiative|Benetton Group (Benetton Group Facilities List 2021)|Wikirate International e.V.|Fair Wear Foundation (Fair Wear Aug 2024)|A Multi-Stakeholder Initiative|Benetton Group (2022 Benetton suppliers list)|A Multi-Stakeholder Initiative|Wikirate International e.V. (2018 Apparel Suppliers on Wikirate part 7)|A Multi-Stakeholder Initiative|Tunisia Agency for the Promotion of Industry and Innovation: Industrial Enterprises [Public List]|A Brand / Retailer|A Multi-Stakeholder Initiative","51-500|51-500|81|51-500|81","","MANUFACTURING|Product Finishing|Knit Composite|Packaging|control and storage activities|Cutting|Cut & Sew|development","Final Product Assembly|Final Product Assembly|Final Product Assembly|Final Product Assembly|Final Product Assembly|Final Product Assembly","Knit Composite|Product Finishing|Packaging|Cutting|Cut & Sew|Manufacturing|Product Finishing|development|Knit Composite|Cut & Sew|Cutting|Packaging|control and storage activities","clothing|fashion apparel|Garments","","","","","","","","","","","","","","","","","","","","","","","","","","","","","","","","","","","","False","","","","","","","","","","","","","","","","","","","","","","","","","","","","","","","","","","","","","","","","","","","","https://wageindicator.org/ar-tn/work-in-tunisia/living-wages","View Living Wages in national language","https://wageindicator.org/salary/minimum-wage/tunisia","View Minimum Wage in English","https://wageindicator.org/ar-tn/work-in-tunisia/minimum-wage","View Minimum Wage in national language"
"TN2026055PMXYXR","2026-02-04","Supply Chain Fashion","Industrial Area, Sidi abdelahmid, Sousse, 4000","TN","Tunisia",35.8245029,10.634584,"Apparel","Studio Anneloes (Studio Anneloes List February 2026)","80","Tonickx","Final Product Assembly","Final Product Assembly","Final Product Assembly","","","","","","","","","","","","","","","","","","","","","","","","","","","","","","","","","","","","","False","","","","","","","","","","","","","","","","","","","","","","","","","","","","","","","","","","","","","","","","","","","","https://wageindicator.org/ar-tn/work-in-tunisia/living-wages","View Living Wages in national language","https://wageindicator.org/salary/minimum-wage/tunisia","View Minimum Wage in English","https://wageindicator.org/ar-tn/work-in-tunisia/minimum-wage","View Minimum Wage in national language"
"TN20260714M5THW","2026-03-09","SUPPLY CHAIN FASHION","Rue Des Ouvriers Zone Indurstriell 4061","TN","Tunisia",36.7986991,10.1581259,"Unspecified","MANGO (MANGO 2025 Factory List)|A Brand / Retailer","1-500","","Final Product Assembly, Cutting, Sewing, Ironing, Finishing","","Final Product Assembly|Finishing|Cutting|Ironing|Sewing","","","","","","","","","","","","","","","","","","","","","","","","","","","","","","","","","","","","","False","","","","","","","","","","","","","","","","","","","","","","","","","","","","","","","","","","","","","","","","","","","","https://wageindicator.org/ar-tn/work-in-tunisia/living-wages","View Living Wages in national language","https://wageindicator.org/salary/minimum-wage/tunisia","View Minimum Wage in English","https://wageindicator.org/ar-tn/work-in-tunisia/minimum-wage","View Minimum Wage in national language"
"US2023185D5Y17N","2023-07-04","Exel Inc. d/b/a DHL Supply Chain (USA)","2829 Rohr Road","US","United States",39.8411585,-82.93116719999999,"Apparel","An Auditor / Certification Scheme / Service Provider","","","","","","","","","","","","","","","","","","","","","","","","","","","","","","","","","","","","","","","","","","False","","","","","","","","","","","","","","","","","","","","","","","","","","","","","","","","","","","","","","","","","","https://livingwage.mit.edu/counties/39049","View local living wage","https://paywizard.org/salary/living-wages","View Living Wages in national language","https://wageindicator.org/salary/minimum-wage/united-states-of-america","View Minimum Wage in English","https://paywizard.org/salary/minimum-wage","View Minimum Wage in national language"
"US20232922CA8YT","2023-10-19","Unilever America Supply Chain Company","700 Sylvan Avenue 07632 Englewood Cliffs New Jersey United States Of America","US","United States",40.8886313,-73.9467281,"Agriculture|Food|Food & Beverage|Food Manufacturing","US Food & Drug Administration (FDA) [Public List]|An Auditor / Certification Scheme / Service Provider|Roundtable on Sustainable Palm Oil (RSPO) [Public List] (Roundtable on Sustainable Palm Oil September 2022)","","UNILEVER PLC","","","","","","","","","","","","","","","","","","","","","","","","","","","","","","","","","","","","","","","","False","","","","","","","","","","","","","","","","","","","","","","","","","","","","","","","","","","","","","","","","","","https://livingwage.mit.edu/counties/34003","View local living wage","https://paywizard.org/salary/living-wages","View Living Wages in national language","https://wageindicator.org/salary/minimum-wage/united-states-of-america","View Minimum Wage in English","https://paywizard.org/salary/minimum-wage","View Minimum Wage in national language"
"US2023339A4V55H","2023-12-05","DHL SUPPLY CHAIN","954 Centerville Rd","US","United States",40.1162202,-77.350568,"Apparel","An Auditor / Certification Scheme / Service Provider","","","","","","","","","","","","","","","","","","","","","","","","","","","","","","","","","","","","","","","","","","False","","","","","","","","","","","","","","","","","","","","","","","","","","","","","","","","","","","","","","","","","","https://livingwage.mit.edu/counties/42041","View local living wage","https://paywizard.org/salary/living-wages","View Living Wages in national language","https://wageindicator.org/salary/minimum-wage/united-states-of-america","View Minimum Wage in English","https://paywizard.org/salary/minimum-wage","View Minimum Wage in national language"
"US20241200P21S5","2024-04-29","Supply Chain Solutions, LLC","14555 S. Gougar Road, Lockport, IL, 60491","US","United States",41.62219702,-88.00413998,"Agriculture|Animal Production|Commodities|Farming|Food|Food & Beverage|Food Industry|Food Manufacturing","A Civil Society Organization|US Department of Agriculture (USDA) [Public List] (FSIS Meat, Poultry, and Egg Product Inspection Listing - April 2024 (4))","","","Certification - Export","","Certification Export","Beverage","","","","","","","","","","","","","","","","","","","","","","","","","","","","","","","","","","","","False","","","","","","","","","","","","","","","","","","","","","","","","","","","","","","","","","","","","","","","","","","https://livingwage.mit.edu/counties/17197","View local living wage","https://paywizard.org/salary/living-wages","View Living Wages in national language","https://wageindicator.org/salary/minimum-wage/united-states-of-america","View Minimum Wage in English","https://paywizard.org/salary/minimum-wage","View Minimum Wage in national language"
"US20241202ZGMB3","2024-04-29","Schwan's Global Supply Chain, Inc.","1604 Superior Road, Marshall, MN, 56258","US","United States",44.469374,-95.792749,"Agriculture|Animal Production|Commodities|Farming|Food|Food & Beverage|Food Industry|Food Manufacturing","A Civil Society Organization|US Department of Agriculture (USDA) [Public List] (FSIS Meat, Poultry, and Egg Product Inspection Listing - April 2024 (4))","",""," Poultry Processing| Meat Processing|Certification - Export","","Poultry Processing|Meat Processing|Certification Export","Beverage","","","","","","","","","","","","","","","","","","","","","","","","","","","","","","","","","","","","False","","","","","","","","","","","","","","","","","","","","","","","","","","","","","","","","","","","","","","","","","","https://livingwage.mit.edu/counties/27083","View local living wage","https://paywizard.org/salary/living-wages","View Living Wages in national language","https://wageindicator.org/salary/minimum-wage/united-states-of-america","View Minimum Wage in English","https://paywizard.org/salary/minimum-wage","View Minimum Wage in national language"
"US20241204N7PQ0","2024-04-29","Exel Inc. dba DHL Supply Chain (USA)","1646 South 4490 West, Salt Lake City, UT, 84104","US","United States",40.734486,-111.999854,"Agriculture|Animal Production|Commodities|Farming|Food|Food & Beverage|Food Industry|Food Manufacturing","A Civil Society Organization|A Civil Society Organization|US Department of Agriculture (USDA) [Public List] (FSIS Meat, Poultry, and Egg Product Inspection Listing - April 2024 (4))","",""," Identification - Meat| Identification - Poultry|Certification - Export","","Identification Poultry|Certification Export|Identification Meat","Beverage","","","","","","","","","","","","","","","","","","","","","","","","","","","","","","","","","","","","False","","","","","","","","","","","","","","","","","","","","","","","","","","","","","","","","","","","","","","","","","","https://livingwage.mit.edu/counties/49035","View local living wage","https://paywizard.org/salary/living-wages","View Living Wages in national language","https://wageindicator.org/salary/minimum-wage/united-states-of-america","View Minimum Wage in English","https://paywizard.org/salary/minimum-wage","View Minimum Wage in national language"
"US202412051Z4EA","2024-04-29","Foodbrands Supply Chain Services, Inc.","20701 W. 159th St., Olathe, KS, 66062","US","United States",38.838053,-94.82291897,"Agriculture|Animal Production|Commodities|Farming|Food|Food & Beverage|Food Industry|Food Manufacturing","US Food & Drug Administration (FDA) [Public List]|A Civil Society Organization|US Department of Agriculture (USDA) [Public List] (FSIS Meat, Poultry, and Egg Product Inspection Listing - April 2024 (3))","",""," Identification - Meat| Identification - Poultry|Certification - Export","","Identification Poultry|Certification Export|Identification Meat","Beverage","","","","","","","","","","","","","","","","","","","","","","","","","","","","","","","","","","","","False","","","","","","","","","","","","","","","","","","","","","","","","","","","","","","","","","","","","","","","","","","https://livingwage.mit.edu/counties/20091","View local living wage","https://paywizard.org/salary/living-wages","View Living Wages in national language","https://wageindicator.org/salary/minimum-wage/united-states-of-america","View Minimum Wage in English","https://paywizard.org/salary/minimum-wage","View Minimum Wage in national language"
"US20241207VMJE9","2024-04-29","Exel Inc DBA DHL Supply Chain","1005 Railhead Drive, Fort Worth, TX, 76177","US","United States",32.98107301,-97.33331296,"Agriculture|Animal Production|Commodities|Farming|Food|Food & Beverage|Food Industry|Food Manufacturing","A Civil Society Organization|US Department of Agriculture (USDA) [Public List] (FSIS Meat, Poultry, and Egg Product Inspection Listing - April 2024 (4))","",""," Identification - Meat| Identification - Poultry|Certification - Export","","Identification Poultry|Certification Export|Identification Meat","Beverage","","","","","","","","","","","","","","","","","","","","","","","","","","","","","","","","","","","","False","","","","","","","","","","","","","","","","","","","","","","","","","","","","","","","","","","","","","","","","","","https://livingwage.mit.edu/counties/48439","View local living wage","https://paywizard.org/salary/living-wages","View Living Wages in national language","https://wageindicator.org/salary/minimum-wage/united-states-of-america","View Minimum Wage in English","https://paywizard.org/salary/minimum-wage","View Minimum Wage in national language"
"US2024120AQMACY","2024-04-29","SFC Global Supply Chain, Inc.","1910 Fair Road, Sidney, OH, 45365","US","United States",40.26892986,-84.17858467,"Agriculture|Animal Production|Commodities|Farming|Food|Food & Beverage|Food Industry|Food Manufacturing","A Civil Society Organization|US Department of Agriculture (USDA) [Public List] (FSIS Meat, Poultry, and Egg Product Inspection Listing - April 2024 (3))","",""," Poultry Processing|Meat Processing","","Meat Processing|Poultry Processing","Beverage","","","","","","","","","","","","","","","","","","","","","","","","","","","","","","","","","","","","False","","","","","","","","","","","","","","","","","","","","","","","","","","","","","","","","","","","","","","","","","","https://livingwage.mit.edu/counties/39149","View local living wage","https://paywizard.org/salary/living-wages","View Living Wages in national language","https://wageindicator.org/salary/minimum-wage/united-states-of-america","View Minimum Wage in English","https://paywizard.org/salary/minimum-wage","View Minimum Wage in national language"
"US2024120B8VJWF","2024-04-29","DHL Supply Chain (USA)","3000 Cantrell Sansom Road, Fort Worth, TX, 76131","US","United States",32.84522101,-97.31560997,"Agriculture|Animal Production|Commodities|Farming|Food|Food & Beverage|Food Industry|Food Manufacturing","A Civil Society Organization|US Department of Agriculture (USDA) [Public List] (FSIS Meat, Poultry, and Egg Product Inspection Listing - April 2024 (3))","",""," Identification - Meat| Identification - Poultry|Certification - Export","","Identification Poultry|Certification Export|Identification Meat","Beverage","","","","","","","","","","","","","","","","","","","","","","","","","","","","","","","","","","","","False","","","","","","","","","","","","","","","","","","","","","","","","","","","","","","","","","","","","","","","","","","https://livingwage.mit.edu/counties/48439","View local living wage","https://paywizard.org/salary/living-wages","View Living Wages in national language","https://wageindicator.org/salary/minimum-wage/united-states-of-america","View Minimum Wage in English","https://paywizard.org/salary/minimum-wage","View Minimum Wage in national language"
"US2024120DK125V","2024-04-29","DHL Supply Chain","1035 Warren Avenue, Osceola, IA, 50213","US","United States",41.02230899,-93.784977,"Agriculture|Animal Production|Commodities|Farming|Food|Food & Beverage|Food Industry|Food Manufacturing","A Civil Society Organization|US Department of Agriculture (USDA) [Public List] (FSIS Meat, Poultry, and Egg Product Inspection Listing - April 2024 (4))","",""," Identification - Meat| Identification - Poultry|Certification - Export","","Identification Poultry|Certification Export|Identification Meat","Beverage","","","","","","","","","","","","","","","","","","","","","","","","","","","","","","","","","","","","False","","","","","","","","","","","","","","","","","","","","","","","","","","","","","","","","","","","","","","","","","","https://livingwage.mit.edu/counties/19039","View local living wage","https://paywizard.org/salary/living-wages","View Living Wages in national language","https://wageindicator.org/salary/minimum-wage/united-states-of-america","View Minimum Wage in English","https://paywizard.org/salary/minimum-wage","View Minimum Wage in national language"
"US2024120FPMRGM","2024-04-29","SFC Global Supply Chain, Inc.","3019 Scanlan Ave., Salina, KS, 67401","US","United States",38.78273499,-97.634735,"Agriculture|Animal Production|Commodities|Farming|Food|Food & Beverage|Food Industry|Food Manufacturing","US Food & Drug Administration (FDA) [Public List]|A Civil Society Organization|US Environmental Protection Agency (EPA) [Public List] (Excess Food Opportunities Map (Version 3.0, July 2023) Production Locations: Food Manufacturers and Processors - 20)|US Department of Agriculture (USDA) [Public List] (FSIS Meat, Poultry, and Egg Product Inspection Listing - April 2024 (3))","",""," Poultry Processing|Frozen Foods Manufacturing | Meat Processing| Frozen Food (Speciality) Manufacturing|Certification - Export","","Frozen Foods Manufacturing|Frozen Food (Speciality) Manufacturing|Poultry Processing|Certification Export|Meat Processing","Frozen Foods|Beverage","","","","","","","","","","","","","","","","","","","","","","","","","","","","","","","","","","","","False","","","","","","","","","","","","","","","","","","","","","","","","","","","","","","","","","","","","","","","","","","https://livingwage.mit.edu/counties/20169","View local living wage","https://paywizard.org/salary/living-wages","View Living Wages in national language","https://wageindicator.org/salary/minimum-wage/united-states-of-america","View Minimum Wage in English","https://paywizard.org/salary/minimum-wage","View Minimum Wage in national language"
"US2024120GJ6274","2024-04-29","Schwan's Food Company Global Supply Chain, Inc.","7605 Empire Dr., Florence, KY, 41042","US","United States",38.97527502,-84.63573498,"Agriculture|Animal Production|Commodities|Farming|Food|Food & Beverage|Food Industry|Food Manufacturing","A Civil Society Organization|US Department of Agriculture (USDA) [Public List] (FSIS Meat, Poultry, and Egg Product Inspection Listing - April 2024 (1))|US Food & Drug Administration (FDA) [Public List]","",""," Poultry Processing|Meat Processing","","Poultry Processing|Meat Processing","Beverage","","","","","","","","","","","","","","","","","","","","","","","","","","","","","","","","","","","","False","","","","","","","","","","","","","","","","","","","","","","","","","","","","","","","","","","","","","","","","","","https://livingwage.mit.edu/counties/21015","View local living wage","https://paywizard.org/salary/living-wages","View Living Wages in national language","https://wageindicator.org/salary/minimum-wage/united-states-of-america","View Minimum Wage in English","https://paywizard.org/salary/minimum-wage","View Minimum Wage in national language"
"US2024120PEN6G2","2024-04-29","SFC Global Supply Chain, Inc.","1251 Scarborough Lane, Pasadena, TX, 77506","US","United States",29.692065,-95.22680902,"Agriculture|Animal Production|Commodities|Farming|Food|Food & Beverage|Food Industry|Food Manufacturing","US Food & Drug Administration (FDA) [Public List]|A Civil Society Organization|US Environmental Protection Agency (EPA) [Public List] (Excess Food Opportunities Map (Version 3.0, July 2023) Production Locations: Food Manufacturers and Processors - 20)|US Department of Agriculture (USDA) [Public List] (FSIS Meat, Poultry, and Egg Product Inspection Listing - April 2024 (4))","",""," Poultry Processing|Meat Processing|Frozen Foods Manufacturing | Frozen Food (Speciality) Manufacturing","","Frozen Foods Manufacturing|Frozen Food (Speciality) Manufacturing|Poultry Processing|Meat Processing","Frozen Foods|Beverage","","","","","","","","","","","","","","","","","","","","","","","","","","","","","","","","","","","","False","","","","","","","","","","","","","","","","","","","","","","","","","","","","","","","","","","","","","","","","","","https://livingwage.mit.edu/counties/48201","View local living wage","https://paywizard.org/salary/living-wages","View Living Wages in national language","https://wageindicator.org/salary/minimum-wage/united-states-of-america","View Minimum Wage in English","https://paywizard.org/salary/minimum-wage","View Minimum Wage in national language"
"US2024120WYDE8G","2024-04-29","SFC Global Supply Chain, Inc.","612 Georgia Avenue, Deer Park, TX, 77536","US","United States",29.70625616,-95.13523597,"Agriculture|Animal Production|Commodities|Farming|Food|Food & Beverage|Food Industry|Food Manufacturing","US Food & Drug Administration (FDA) [Public List]|A Civil Society Organization|US Department of Agriculture (USDA) [Public List] (FSIS Meat, Poultry, and Egg Product Inspection Listing - April 2024 (2))","",""," Poultry Processing|Meat Processing","","Poultry Processing|Meat Processing","Beverage| Egg Product","","","","","","","","","","","","","","","","","","","","","","","","","","","","","","","","","","","","False","","","","","","","","","","","","","","","","","","","","","","","","","","","","","","","","","","","","","","","","","","https://livingwage.mit.edu/counties/48201","View local living wage","https://paywizard.org/salary/living-wages","View Living Wages in national language","https://wageindicator.org/salary/minimum-wage/united-states-of-america","View Minimum Wage in English","https://paywizard.org/salary/minimum-wage","View Minimum Wage in national language"
"US20241493NAD4H","2024-05-28","Sfc Global Supply Chain, Inc.","601 Michigan Rd, Marshall, MN, 56258","US","United States",44.4664194,-95.79236279999999,"Agriculture|Commodities|Farming|Food|Food Industry|Food Manufacturing","European Commission: TRACES – TRAde Control and Expert System [Public List]|US Environmental Protection Agency (EPA) [Public List] (Excess Food Opportunities Map (Version 3.0, July 2023) Production Locations: Food Manufacturers and Processors - 20)","","","Frozen Foods Manufacturing | Frozen Food (Speciality) Manufacturing","","Frozen Foods Manufacturing|Frozen Food (Speciality) Manufacturing","Frozen Foods","","","","","","","","","","","","","","","","","","","","","","","","","","","","","","","","","","","","False","","","","","","","","","","","","","","","","","","","","","","","","","","","","","","","","","","","","","","","","","","https://livingwage.mit.edu/counties/27083","View local living wage","https://paywizard.org/salary/living-wages","View Living Wages in national language","https://wageindicator.org/salary/minimum-wage/united-states-of-america","View Minimum Wage in English","https://paywizard.org/salary/minimum-wage","View Minimum Wage in national language"
"US202414949VSGF","2024-05-28","Sfc Global Supply Chain, Inc.","2855 Rolling Pin Ln, Suwanee, GA, 30024","US","United States",34.0313919,-84.04031300000001,"Agriculture|Commodities|Farming|Food|Food Industry|Food Manufacturing","US Environmental Protection Agency (EPA) [Public List] (Excess Food Opportunities Map (Version 3.0, July 2023) Production Locations: Food Manufacturers and Processors - 20)","","","Frozen Foods Manufacturing | Frozen Food (Speciality) Manufacturing","","Frozen Foods Manufacturing|Frozen Food (Speciality) Manufacturing","Frozen Foods","","","","","","","","","","","","","","","","","","","","","","","","","","","","","","","","","","","","False","","","","","","","","","","","","","","","","","","","","","","","","","","","","","","","","","","","","","","","","","","https://livingwage.mit.edu/counties/13135","View local living wage","https://paywizard.org/salary/living-wages","View Living Wages in national language","https://wageindicator.org/salary/minimum-wage/united-states-of-america","View Minimum Wage in English","https://paywizard.org/salary/minimum-wage","View Minimum Wage in national language"
"US20241499M0S0M","2024-05-28","Sfc Global Supply Chain, Inc.","240b Shorland Dr, Walton, KY, 41094","US","United States",38.9239994,-84.6248719,"Agriculture|Commodities|Farming|Food|Food Industry|Food Manufacturing","US Environmental Protection Agency (EPA) [Public List] (Excess Food Opportunities Map (Version 3.0, July 2023) Production Locations: Food Manufacturers and Processors - 20)","","","Frozen Foods Manufacturing | Frozen Food (Speciality) Manufacturing","","Frozen Foods Manufacturing|Frozen Food (Speciality) Manufacturing","Frozen Foods","","","","","","","","","","","","","","","","","","","","","","","","","","","","","","","","","","","","False","","","","","","","","","","","","","","","","","","","","","","","","","","","","","","","","","","","","","","","","","","https://livingwage.mit.edu/counties/21015","View local living wage","https://paywizard.org/salary/living-wages","View Living Wages in national language","https://wageindicator.org/salary/minimum-wage/united-states-of-america","View Minimum Wage in English","https://paywizard.org/salary/minimum-wage","View Minimum Wage in national language"
"US2024149F39D5B","2024-05-28","Sfc Global Supply Chain, Inc.","255 South St, Pottstown, PA, 19464","US","United States",40.2437129,-75.64890249999999,"Agriculture|Commodities|Farming|Food|Food Industry|Food Manufacturing","US Environmental Protection Agency (EPA) [Public List] (Excess Food Opportunities Map (Version 3.0, July 2023) Production Locations: Food Manufacturers and Processors - 20)","","","Frozen Foods Manufacturing | Frozen Food (Speciality) Manufacturing","","Frozen Foods Manufacturing|Frozen Food (Speciality) Manufacturing","Frozen Foods","","","","","","","","","","","","","","","","","","","","","","","","","","","","","","","","","","","","False","","","","","","","","","","","","","","","","","","","","","","","","","","","","","","","","","","","","","","","","","","https://livingwage.mit.edu/counties/42091","View local living wage","https://paywizard.org/salary/living-wages","View Living Wages in national language","https://wageindicator.org/salary/minimum-wage/united-states-of-america","View Minimum Wage in English","https://paywizard.org/salary/minimum-wage","View Minimum Wage in national language"
"US2024149HABQPH","2024-05-28","Sfc Global Supply Chain, Inc.","115 W College Dr, Marshall, MN, 56258","US","United States",44.445027,-95.7897418,"Agriculture|Commodities|Farming|Food|Food Industry|Food Manufacturing","US Environmental Protection Agency (EPA) [Public List] (Excess Food Opportunities Map (Version 3.0, July 2023) Production Locations: Food Manufacturers and Processors - 20)","","","Frozen Foods Manufacturing | Frozen Food (Speciality) Manufacturing","","Frozen Foods Manufacturing|Frozen Food (Speciality) Manufacturing","Frozen Foods","","","","","","","","","","","","","","","","","","","","","","","","","","","","","","","","","","","","False","","","","","","","","","","","","","","","","","","","","","","","","","","","","","","","","","","","","","","","","","","https://livingwage.mit.edu/counties/27083","View local living wage","https://paywizard.org/salary/living-wages","View Living Wages in national language","https://wageindicator.org/salary/minimum-wage/united-states-of-america","View Minimum Wage in English","https://paywizard.org/salary/minimum-wage","View Minimum Wage in national language"
"US2024149RCK7JE","2024-05-28","Sfc Global Supply Chain, Inc.","1 Lemon Ln Ne FL 3, Atlanta, GA, 30307","US","United States",33.7683105,-84.3570162,"Agriculture|Commodities|Farming|Food|Food Industry|Food Manufacturing","US Environmental Protection Agency (EPA) [Public List] (Excess Food Opportunities Map (Version 3.0, July 2023) Production Locations: Food Manufacturers and Processors - 20)","","","Frozen Foods Manufacturing | Frozen Food (Speciality) Manufacturing","","Frozen Foods Manufacturing|Frozen Food (Speciality) Manufacturing","Frozen Foods","","","","","","","","","","","","","","","","","","","","","","","","","","","","","","","","","","","","False","","","","","","","","","","","","","","","","","","","","","","","","","","","","","","","","","","","","","","","","","","https://livingwage.mit.edu/counties/13121","View local living wage","https://paywizard.org/salary/living-wages","View Living Wages in national language","https://wageindicator.org/salary/minimum-wage/united-states-of-america","View Minimum Wage in English","https://paywizard.org/salary/minimum-wage","View Minimum Wage in national language"
"US20241804Y8KWJ","2024-06-28","Armada Supply Chain Solutions, LLC","2650 Warrenville Rd # 340, Downers Grove, IL, 60515","US","United States",41.8084642,-88.0496761,"Agriculture|Beverages|Consumer Products|Food|Food & Beverage|Food Industry|General Merchandise|Nondurable Goods|Paper Products|Wholesale Trade","A Civil Society Organization","","","","","","","","","","","","","","","","","","","","","","","","","","","","","","","","","","","","","","","","","","False","","","","","","","","","","","","","","","","","","","","","","","","","","","","","","","","","","","","","","","","","","https://livingwage.mit.edu/counties/17043","View local living wage","https://paywizard.org/salary/living-wages","View Living Wages in national language","https://wageindicator.org/salary/minimum-wage/united-states-of-america","View Minimum Wage in English","https://paywizard.org/salary/minimum-wage","View Minimum Wage in national language"
"US20242125W8T3V","2024-07-30","SFC GLOBAL SUPPLY CHAIN INC. - STILWELL OK","5 E WALNUT, STILWELL OKLAHOMA 74960 (ADAIR)","US","United States",35.811,-94.627,"Chemicals|Commodities|Food|Waste Management","US Environmental Protection Agency (EPA) [Public List] (Toxics Release Inventory (TRI) Program (2021) Production Locations - 4)|US Food & Drug Administration (FDA) [Public List]|US Food & Drug Administration (FDA) [Public List]|US Food & Drug Administration (FDA) [Public List] (FDA Inspections 10-1-24 to 3-5-25)","",""," Off-site Chemical Disposal|On-site Chemical Disposal ","","Onsite Chemical Disposal|Offsite Chemical Disposal","","","","","","","","","","","","","","","","","","","","","","","","","","","","","","","","","","","","","False","","","","","","","","","","","","","","","","","","","","","","","","","","","","","","","","","","","","","","","","","","https://livingwage.mit.edu/counties/40001","View local living wage","https://paywizard.org/salary/living-wages","View Living Wages in national language","https://wageindicator.org/salary/minimum-wage/united-states-of-america","View Minimum Wage in English","https://paywizard.org/salary/minimum-wage","View Minimum Wage in national language"
"US2024245026429","2024-09-01","DHL SUPPLY CHAIN - MARS","13133 INNOVATION WAY, VICTORVILLE, CA, 92394","US","United States",34.576079,-117.380091,"Waste Management","US Environmental Protection Agency (EPA) [Public List] (RCRA aug-3)|A Civil Society Organization|A Civil Society Organization","","","RCRAInfo subtitle C (Hazardous waste handlers)","","RCRAInfo subtitle C (Hazardous waste handlers)","","","","","","","","","","","","","","","","","","","","","","","","","","","","","","","","","","","","","False","","","","","","","","","","","","","","","","","","","","","","","","","","","","","","","","","","","","","","","","","","https://livingwage.mit.edu/counties/06071","View local living wage","https://paywizard.org/salary/living-wages","View Living Wages in national language","https://wageindicator.org/salary/minimum-wage/united-states-of-america","View Minimum Wage in English","https://paywizard.org/salary/minimum-wage","View Minimum Wage in national language"
"US20242451PG9JX","2024-09-01","KENNETH WANG - DHL SUPPLY CHAIN - GULF OF MEXICO DISTRIBUTION CENTER","440 BROWNING CT, HOUMA, LA, 70363","US","United States",29.595525,-90.659061,"Waste Management","US Environmental Protection Agency (EPA) [Public List] (RCRA aug-7)","","","RCRAInfo subtitle C (Hazardous waste handlers)","","RCRAInfo subtitle C (Hazardous waste handlers)","","","","","","","","","","","","","","","","","","","","","","","","","","","","","","","","","","","","","False","","","","","","","","","","","","","","","","","","","","","","","","","","","","","","","","","","","","","","","","","","https://livingwage.mit.edu/counties/22109","View local living wage","https://paywizard.org/salary/living-wages","View Living Wages in national language","https://wageindicator.org/salary/minimum-wage/united-states-of-america","View Minimum Wage in English","https://paywizard.org/salary/minimum-wage","View Minimum Wage in national language"
"US2024245C8NP4Y","2024-09-01","XPO LOGISTICS SUPPLY CHAIN","7523 SOUTHLAKE PARKWAY, JONESBORO, GA, 30236","US","United States",33.54835,-84.34188,"Waste Management","US Environmental Protection Agency (EPA) [Public List] (RCRA aug-7)","","","RCRAInfo subtitle C (Hazardous waste handlers)","","RCRAInfo subtitle C (Hazardous waste handlers)","","","","","","","","","","","","","","","","","","","","","","","","","","","","","","","","","","","","","False","","","","","","","","","","","","","","","","","","","","","","","","","","","","","","","","","","","","","","","","","","https://livingwage.mit.edu/counties/13063","View local living wage","https://paywizard.org/salary/living-wages","View Living Wages in national language","https://wageindicator.org/salary/minimum-wage/united-states-of-america","View Minimum Wage in English","https://paywizard.org/salary/minimum-wage","View Minimum Wage in national language"
"US2024245KEEGPG","2024-09-01","DHL SUPPLY CHAIN","305 RESOURCE DRIVE, BLOOMINGTON, CA, 92335","US","United States",34.038018,-117.372897,"Waste Management","US Environmental Protection Agency (EPA) [Public List] (RCRA aug-3)|A Civil Society Organization|A Civil Society Organization","","","RCRAInfo subtitle C (Hazardous waste handlers)","","RCRAInfo subtitle C (Hazardous waste handlers)","","","","","","","","","","","","","","","","","","","","","","","","","","","","","","","","","","","","","False","","","","","","","","","","","","","","","","","","","","","","","","","","","","","","","","","","","","","","","","","","https://livingwage.mit.edu/counties/06071","View local living wage","https://paywizard.org/salary/living-wages","View Living Wages in national language","https://wageindicator.org/salary/minimum-wage/united-states-of-america","View Minimum Wage in English","https://paywizard.org/salary/minimum-wage","View Minimum Wage in national language"
"US2024245MRPFV7","2024-09-01","INMAR SUPPLY CHAIN SOLUTIONS, LLC","701 S SALLY PL, FULLERTON, CA, 92831-0000","US","United States",33.86509,-117.90225,"Waste Management","US Environmental Protection Agency (EPA) [Public List] (RCRA aug-4)","","","RCRAInfo subtitle C (Hazardous waste handlers)","","RCRAInfo subtitle C (Hazardous waste handlers)","","","","","","","","","","","","","","","","","","","","","","","","","","","","","","","","","","","","","False","","","","","","","","","","","","","","","","","","","","","","","","","","","","","","","","","","","","","","","","","","https://livingwage.mit.edu/counties/06059","View local living wage","https://paywizard.org/salary/living-wages","View Living Wages in national language","https://wageindicator.org/salary/minimum-wage/united-states-of-america","View Minimum Wage in English","https://paywizard.org/salary/minimum-wage","View Minimum Wage in national language"
"US2024245T8W8WX","2024-09-01","INMAR SUPPLY CHAIN SOLUTIONS, LLC","1225 E. WHITMORE AVENUE, SUITE A, MODESTO, CA, 95358","US","United States",37.594907,-120.976303,"Waste Management","US Environmental Protection Agency (EPA) [Public List] (RCRA aug-4)","","","RCRAInfo subtitle C (Hazardous waste handlers)","","RCRAInfo subtitle C (Hazardous waste handlers)","","","","","","","","","","","","","","","","","","","","","","","","","","","","","","","","","","","","","False","","","","","","","","","","","","","","","","","","","","","","","","","","","","","","","","","","","","","","","","","","https://livingwage.mit.edu/counties/06099","View local living wage","https://paywizard.org/salary/living-wages","View Living Wages in national language","https://wageindicator.org/salary/minimum-wage/united-states-of-america","View Minimum Wage in English","https://paywizard.org/salary/minimum-wage","View Minimum Wage in national language"
"US2024245W7ZZ40","2024-09-01","GXO LOGISTICS SUPPLY CHAIN, INC.","1350 S WATERMAN AVE, SAN BERNARDINO, CA, 92408","US","United States",34.076864,-117.278846,"Waste Management","US Environmental Protection Agency (EPA) [Public List] (RCRA aug-4)","","","RCRAInfo subtitle C (Hazardous waste handlers)","","RCRAInfo subtitle C (Hazardous waste handlers)","","","","","","","","","","","","","","","","","","","","","","","","","","","","","","","","","","","","","False","","","","","","","","","","","","","","","","","","","","","","","","","","","","","","","","","","","","","","","","","","https://livingwage.mit.edu/counties/06071","View local living wage","https://paywizard.org/salary/living-wages","View Living Wages in national language","https://wageindicator.org/salary/minimum-wage/united-states-of-america","View Minimum Wage in English","https://paywizard.org/salary/minimum-wage","View Minimum Wage in national language"
"US2024245YBGZG3","2024-09-01","FEDEX SUPPLY CHAIN","5885 SIERRA AVE, FONTANA, CA, 92336","US","United States",34.14678,-117.42952,"Waste Management","US Environmental Protection Agency (EPA) [Public List] (RCRA aug-3)|A Civil Society Organization|A Civil Society Organization","","","RCRAInfo subtitle C (Hazardous waste handlers)","","RCRAInfo subtitle C (Hazardous waste handlers)","","","","","","","","","","","","","","","","","","","","","","","","","","","","","","","","","","","","","False","","","","","","","","","","","","","","","","","","","","","","","","","","","","","","","","","","","","","","","","","","https://livingwage.mit.edu/counties/06071","View local living wage","https://paywizard.org/salary/living-wages","View Living Wages in national language","https://wageindicator.org/salary/minimum-wage/united-states-of-america","View Minimum Wage in English","https://paywizard.org/salary/minimum-wage","View Minimum Wage in national language"
"US20242492VVNW8","2024-09-03","XPO LOGISTICS-SUPPLY CHAIN","7875 HEMLOCK-UNIT 102, FONTANA, CA, 92335","US","United States",34.109735,-117.475495,"Waste Management","US Environmental Protection Agency (EPA) [Public List] (rcra-19)|US Environmental Protection Agency (EPA) [Public List] (rcra-20)","","JACOBSON COMPANIES|JACOBSON COMPANIES","RCRAInfo subtitle C (Hazardous waste handlers)","","RCRAInfo subtitle C (Hazardous waste handlers)|RCRAInfo subtitle C (Hazardous waste handlers)","","","","","","","","","","","","","","","","","","","","","","","","","","","","","","","","","","","","","False","","","","","","","","","","","","","","","","","","","","","","","","","","","","","","","","","","","","","","","","","","https://livingwage.mit.edu/counties/06071","View local living wage","https://paywizard.org/salary/living-wages","View Living Wages in national language","https://wageindicator.org/salary/minimum-wage/united-states-of-america","View Minimum Wage in English","https://paywizard.org/salary/minimum-wage","View Minimum Wage in national language"
"US202424930GMDK","2024-09-03","INMAR SUPPLY CHAIN SOLUTIONS LLC","1821 S COUNTY LINE RD, PLANT CITY, FL, 33566-4540","US","United States",27.996995,-82.055952,"Waste Management","A Civil Society Organization|A Civil Society Organization","","","","","","","","","","","","","","","","","","","","","","","","","","","","","","","","","","","","","","","","","","False","","","","","","","","","","","","","","","","","","","","","","","","","","","","","","","","","","","","","","","","","","https://livingwage.mit.edu/counties/12057","View local living wage","https://paywizard.org/salary/living-wages","View Living Wages in national language","https://wageindicator.org/salary/minimum-wage/united-states-of-america","View Minimum Wage in English","https://paywizard.org/salary/minimum-wage","View Minimum Wage in national language"
"US2024249B8NCYH","2024-09-03","ADVANCED STERILIZATION PRODUCTS INC. C/O UPS SUPPLY CHAIN SOLUTIONS","6204 NEW CUT RD, FAIRDALE, KY, 40118","US","United States",38.12377,-85.776582,"Waste Management","A Civil Society Organization|A Civil Society Organization","","","","","","","","","","","","","","","","","","","","","","","","","","","","","","","","","","","","","","","","","","False","","","","","","","","","","","","","","","","","","","","","","","","","","","","","","","","","","","","","","","","","","https://livingwage.mit.edu/counties/21111","View local living wage","https://paywizard.org/salary/living-wages","View Living Wages in national language","https://wageindicator.org/salary/minimum-wage/united-states-of-america","View Minimum Wage in English","https://paywizard.org/salary/minimum-wage","View Minimum Wage in national language"
"US2024249C9C9R1","2024-09-03","GROUP O SUPPLY CHAIN SOLUTION","7300 50TH ST, MILAN, IL, 61264","US","United States",41.441404,-90.525734,"Waste Management","A Civil Society Organization|A Civil Society Organization","","","","","","","","","","","","","","","","","","","","","","","","","","","","","","","","","","","","","","","","","","False","","","","","","","","","","","","","","","","","","","","","","","","","","","","","","","","","","","","","","","","","","https://livingwage.mit.edu/counties/17161","View local living wage","https://paywizard.org/salary/living-wages","View Living Wages in national language","https://wageindicator.org/salary/minimum-wage/united-states-of-america","View Minimum Wage in English","https://paywizard.org/salary/minimum-wage","View Minimum Wage in national language"
"US2024249E8J4Y9","2024-09-03","COMMUNITY HEALTH NETWORK SUPPLY CHAIN WAREHOUSE","9894 121ST STREET, FISHERS, IN, 46037","US","United States",39.9659053,-85.9931793,"Storage|Warehousing|Waste Management","US Environmental Protection Agency (EPA) [Public List]|A Civil Society Organization","","","","","","","","","","","","","","","","","","","","","","","","","","","","","","","","","","","","","","","","","","False","","","","","","","","","","","","","","","","","","","","","","","","","","","","","","","","","","","","","","","","","","https://livingwage.mit.edu/counties/18057","View local living wage","https://paywizard.org/salary/living-wages","View Living Wages in national language","https://wageindicator.org/salary/minimum-wage/united-states-of-america","View Minimum Wage in English","https://paywizard.org/salary/minimum-wage","View Minimum Wage in national language"
"US2024249HRJGX7","2024-09-03","INMAR SUPPLY CHAIN SOLUTIONS, LLC","2425 AMERICAN WAY, FORT WAYNE, IN, 46809","US","United States",41.00208,-85.16967,"Waste Management","A Civil Society Organization|A Civil Society Organization","","","","","","","","","","","","","","","","","","","","","","","","","","","","","","","","","","","","","","","","","","False","","","","","","","","","","","","","","","","","","","","","","","","","","","","","","","","","","","","","","","","","","https://livingwage.mit.edu/counties/18003","View local living wage","https://paywizard.org/salary/living-wages","View Living Wages in national language","https://wageindicator.org/salary/minimum-wage/united-states-of-america","View Minimum Wage in English","https://paywizard.org/salary/minimum-wage","View Minimum Wage in national language"
"US2024249JKM631","2024-09-03","NOVARTIS PHARMACEUTICALS CORP @ DHL SUPPLY CHAIN DISTR CTR","300 SALEM CHURCH RD, MECHANICSBURG, PA, 17050-2959","US","United States",40.235085,-76.996503,"Waste Management","A Civil Society Organization","","","","","","","","","","","","","","","","","","","","","","","","","","","","","","","","","","","","","","","","","","False","","","","","","","","","","","","","","","","","","","","","","","","","","","","","","","","","","","","","","","","","","https://livingwage.mit.edu/counties/42041","View local living wage","https://paywizard.org/salary/living-wages","View Living Wages in national language","https://wageindicator.org/salary/minimum-wage/united-states-of-america","View Minimum Wage in English","https://paywizard.org/salary/minimum-wage","View Minimum Wage in national language"
"US2024249KWD97B","2024-09-03","INMAR SUPPLY CHAIN SOLUTIONS","200 EAGLES LANDING PARKWAY, STOCKBRIDGE, GA, 30281","US","United States",33.5197308,-84.19959899999999,"Waste Management","A Civil Society Organization","","","","","","","","","","","","","","","","","","","","","","","","","","","","","","","","","","","","","","","","","","False","","","","","","","","","","","","","","","","","","","","","","","","","","","","","","","","","","","","","","","","","","https://livingwage.mit.edu/counties/13151","View local living wage","https://paywizard.org/salary/living-wages","View Living Wages in national language","https://wageindicator.org/salary/minimum-wage/united-states-of-america","View Minimum Wage in English","https://paywizard.org/salary/minimum-wage","View Minimum Wage in national language"
"US2024249N5XX4Q","2024-09-03","XPO LOGISTICS - SUPPLY CHAIN","10788 COMMERCE WAY, FONTANA, CA, 92337","US","United States",34.0576,-117.513209,"Waste Management","US Environmental Protection Agency (EPA) [Public List] (rcra-19)|US Environmental Protection Agency (EPA) [Public List] (rcra-20)","","JACOBSON WAREHOUSE|JACOBSON WAREHOUSE","RCRAInfo subtitle C (Hazardous waste handlers)","","RCRAInfo subtitle C (Hazardous waste handlers)|RCRAInfo subtitle C (Hazardous waste handlers)","","","","","","","","","","","","","","","","","","","","","","","","","","","","","","","","","","","","","False","","","","","","","","","","","","","","","","","","","","","","","","","","","","","","","","","","","","","","","","","","https://livingwage.mit.edu/counties/06071","View local living wage","https://paywizard.org/salary/living-wages","View Living Wages in national language","https://wageindicator.org/salary/minimum-wage/united-states-of-america","View Minimum Wage in English","https://paywizard.org/salary/minimum-wage","View Minimum Wage in national language"
"US2024249RCW5Z3","2024-09-03","FEDEX SUPPLY CHAIN","1551 PERRY RD STE 101, PLAINFIELD, IN, 46168","US","United States",39.680125,-86.354427,"Waste Management","A Civil Society Organization|A Civil Society Organization","","","","","","","","","","","","","","","","","","","","","","","","","","","","","","","","","","","","","","","","","","False","","","","","","","","","","","","","","","","","","","","","","","","","","","","","","","","","","","","","","","","","","https://livingwage.mit.edu/counties/18063","View local living wage","https://paywizard.org/salary/living-wages","View Living Wages in national language","https://wageindicator.org/salary/minimum-wage/united-states-of-america","View Minimum Wage in English","https://paywizard.org/salary/minimum-wage","View Minimum Wage in national language"
"US2024249S4E51G","2024-09-03","FEDEX SUPPLY CHAIN","700 COMMERCE PKWY W DR, GREENWOOD, IN, 46143","US","United States",39.60816,-86.06624,"Food|Waste Management","A Civil Society Organization|A Civil Society Organization|US Food & Drug Administration (FDA) [Public List] (FDA Inspections 10-1-24 to 3-5-25)","","","","","","","","","","","","","","","","","","","","","","","","","","","","","","","","","","","","","","","","","","False","","","","","","","","","","","","","","","","","","","","","","","","","","","","","","","","","","","","","","","","","","https://livingwage.mit.edu/counties/18081","View local living wage","https://paywizard.org/salary/living-wages","View Living Wages in national language","https://wageindicator.org/salary/minimum-wage/united-states-of-america","View Minimum Wage in English","https://paywizard.org/salary/minimum-wage","View Minimum Wage in national language"
"US2024249SGSKH5","2024-09-03","CHICK-FIL-A INC (SUPPLY CHAIN DEVELOPMENT CENTER)","5295 BUFFINGTON RD, COLLEGE PARK, GA, 30349","US","United States",33.611943,-84.500111,"Food|Food & Beverage|Food Industry|Food Manufacturing|Waste Management","US Environmental Protection Agency (EPA) [Public List]|A Civil Society Organization|A Civil Society Organization","","","","","","","","","","","","","","","","","","","","","","","","","","","","","","","","","","","","","","","","","","False","","","","","","","","","","","","","","","","","","","","","","","","","","","","","","","","","","","","","","","","","","https://livingwage.mit.edu/counties/13121","View local living wage","https://paywizard.org/salary/living-wages","View Living Wages in national language","https://wageindicator.org/salary/minimum-wage/united-states-of-america","View Minimum Wage in English","https://paywizard.org/salary/minimum-wage","View Minimum Wage in national language"
"US2024249TKQ7JW","2024-09-03","INMAR SUPPLY CHAIN SOLUTIONS","220 N 48TH AVE, PHOENIX, AZ, 85043","US","United States",33.44877,-112.16287,"Food|Food & Beverage|Waste Management","US Food & Drug Administration (FDA) [Public List]|A Civil Society Organization|A Civil Society Organization","","","","","","","","","","","","","","","","","","","","","","","","","","","","","","","","","","","","","","","","","","False","","","","","","","","","","","","","","","","","","","","","","","","","","","","","","","","","","","","","","","","","","https://livingwage.mit.edu/counties/04013","View local living wage","https://paywizard.org/salary/living-wages","View Living Wages in national language","https://wageindicator.org/salary/minimum-wage/united-states-of-america","View Minimum Wage in English","https://paywizard.org/salary/minimum-wage","View Minimum Wage in national language"
"US2024249X29H2T","2024-09-03","GXO LOGISTICS SUPPLY CHAIN, INC.","1350 S WATERMAN AVE, SAN BERNARDINO, SAN BERNARDINO, CA","US","United States",34.076864,-117.278846,"Waste Management","A Civil Society Organization","","","","","","","","","","","","","","","","","","","","","","","","","","","","","","","","","","","","","","","","","","False","","","","","","","","","","","","","","","","","","","","","","","","","","","","","","","","","","","","","","","","","","https://livingwage.mit.edu/counties/06071","View local living wage","https://paywizard.org/salary/living-wages","View Living Wages in national language","https://wageindicator.org/salary/minimum-wage/united-states-of-america","View Minimum Wage in English","https://paywizard.org/salary/minimum-wage","View Minimum Wage in national language"
"US20242741494AS","2024-09-29","DHL SUPPLY CHAIN","98 EXCELLENCE WAY, VONORE, TN, 37885","US","United States",35.60826,-84.26835,"Food|Waste Management","A Civil Society Organization|A Civil Society Organization|US Food & Drug Administration (FDA) [Public List]","","","","","","","","","","","","","","","","","","","","","","","","","","","","","","","","","","","","","","","","","","False","","","","","","","","","","","","","","","","","","","","","","","","","","","","","","","","","","","","","","","","","","https://livingwage.mit.edu/counties/47123","View local living wage","https://paywizard.org/salary/living-wages","View Living Wages in national language","https://wageindicator.org/salary/minimum-wage/united-states-of-america","View Minimum Wage in English","https://paywizard.org/salary/minimum-wage","View Minimum Wage in national language"
"US202427425YQE7","2024-09-29","RODAN AND FIELDS DHLS SUPPLY CHAIN","2450 CREEKSIDE PKWY, OBETZ, OH, 43147","US","United States",39.847935,-82.948221,"Waste Management","A Civil Society Organization|A Civil Society Organization","","","","","","","","","","","","","","","","","","","","","","","","","","","","","","","","","","","","","","","","","","False","","","","","","","","","","","","","","","","","","","","","","","","","","","","","","","","","","","","","","","","","","https://livingwage.mit.edu/counties/39049","View local living wage","https://paywizard.org/salary/living-wages","View Living Wages in national language","https://wageindicator.org/salary/minimum-wage/united-states-of-america","View Minimum Wage in English","https://paywizard.org/salary/minimum-wage","View Minimum Wage in national language"
"US20242744TN1F0","2024-09-29","UNILEVER NORTH AMERICA SUPPLY CHAIN COMPANY LLC","12200 PRESIDENTS CT, JACKSONVILLE, FL, 32220-3220","US","United States",30.36925,-81.84455,"Waste Management","A Civil Society Organization|A Civil Society Organization","","","","","","","","","","","","","","","","","","","","","","","","","","","","","","","","","","","","","","","","","","False","","","","","","","","","","","","","","","","","","","","","","","","","","","","","","","","","","","","","","","","","","https://livingwage.mit.edu/counties/12031","View local living wage","https://paywizard.org/salary/living-wages","View Living Wages in national language","https://wageindicator.org/salary/minimum-wage/united-states-of-america","View Minimum Wage in English","https://paywizard.org/salary/minimum-wage","View Minimum Wage in national language"
"US20242744ZJM6C","2024-09-29","SFC GLOBAL SUPPLY CHAIN, INC.","7605 EMPIRE DRIVE, FLORENCE, KY, 41042","US","United States",38.973889,-84.634722,"Waste Management","A Civil Society Organization|A Civil Society Organization","","","","","","","","","","","","","","","","","","","","","","","","","","","","","","","","","","","","","","","","","","False","","","","","","","","","","","","","","","","","","","","","","","","","","","","","","","","","","","","","","","","","","https://livingwage.mit.edu/counties/21015","View local living wage","https://paywizard.org/salary/living-wages","View Living Wages in national language","https://wageindicator.org/salary/minimum-wage/united-states-of-america","View Minimum Wage in English","https://paywizard.org/salary/minimum-wage","View Minimum Wage in national language"
"US20242746JNQ12","2024-09-29","DHL SUPPLY CHAIN","1635 STONE RIDGE DRIVE, STONE MOUNTAIN, GA, 30083","US","United States",33.83085,-84.19048,"Waste Management","A Civil Society Organization|A Civil Society Organization|A Civil Society Organization","","","","","","","","","","","","","","","","","","","","","","","","","","","","","","","","","","","","","","","","","","False","","","","","","","","","","","","","","","","","","","","","","","","","","","","","","","","","","","","","","","","","","https://livingwage.mit.edu/counties/13089","View local living wage","https://paywizard.org/salary/living-wages","View Living Wages in national language","https://wageindicator.org/salary/minimum-wage/united-states-of-america","View Minimum Wage in English","https://paywizard.org/salary/minimum-wage","View Minimum Wage in national language"
"US20242748KR3E1","2024-09-29","DHL SUPPLY CHAIN FOR SC JOHNSON WAREHOUSING","1555 OAKLEY INDUSTRIAL BLVD, FAIRBURN, GA, 30213","US","United States",33.53507,-84.59753,"Waste Management","A Civil Society Organization|A Civil Society Organization|A Civil Society Organization","","","","","","","","","","","","","","","","","","","","","","","","","","","","","","","","","","","","","","","","","","False","","","","","","","","","","","","","","","","","","","","","","","","","","","","","","","","","","","","","","","","","","https://livingwage.mit.edu/counties/13121","View local living wage","https://paywizard.org/salary/living-wages","View Living Wages in national language","https://wageindicator.org/salary/minimum-wage/united-states-of-america","View Minimum Wage in English","https://paywizard.org/salary/minimum-wage","View Minimum Wage in national language"
"US2024274FQPRJ3","2024-09-29","UPS SUPPLY CHAIN SOLUTIONS","10000 NW 25TH ST, DORAL, FL, 33172-2204","US","United States",25.79683,-80.35918,"Waste Management","A Civil Society Organization|A Civil Society Organization","","","","","","","","","","","","","","","","","","","","","","","","","","","","","","","","","","","","","","","","","","False","","","","","","","","","","","","","","","","","","","","","","","","","","","","","","","","","","","","","","","","","","https://livingwage.mit.edu/counties/12086","View local living wage","https://paywizard.org/salary/living-wages","View Living Wages in national language","https://wageindicator.org/salary/minimum-wage/united-states-of-america","View Minimum Wage in English","https://paywizard.org/salary/minimum-wage","View Minimum Wage in national language"
"US2024274FXTFZH","2024-09-29","DHL SUPPLY CHAIN","1717 MATZINGER RD, TOLEDO, OH, 43612","US","United States",41.715169,-83.506854,"Waste Management","A Civil Society Organization|A Civil Society Organization","","","","","","","","","","","","","","","","","","","","","","","","","","","","","","","","","","","","","","","","","","False","","","","","","","","","","","","","","","","","","","","","","","","","","","","","","","","","","","","","","","","","","https://livingwage.mit.edu/counties/39095","View local living wage","https://paywizard.org/salary/living-wages","View Living Wages in national language","https://wageindicator.org/salary/minimum-wage/united-states-of-america","View Minimum Wage in English","https://paywizard.org/salary/minimum-wage","View Minimum Wage in national language"
"US2024274HMZ27A","2024-09-29","INMAR SUPPLY CHAIN SOLUTIONS, LLC","7600 ROCKVILLE RD, INDIANAPOLIS, IN, 46214","US","United States",39.76421,-86.29678,"Food|Waste Management","A Civil Society Organization|A Civil Society Organization|US Food & Drug Administration (FDA) [Public List] (FDA Inspections 10-1-24 to 3-5-25)","","","","","","","","","","","","","","","","","","","","","","","","","","","","","","","","","","","","","","","","","","False","","","","","","","","","","","","","","","","","","","","","","","","","","","","","","","","","","","","","","","","","","https://livingwage.mit.edu/counties/18097","View local living wage","https://paywizard.org/salary/living-wages","View Living Wages in national language","https://wageindicator.org/salary/minimum-wage/united-states-of-america","View Minimum Wage in English","https://paywizard.org/salary/minimum-wage","View Minimum Wage in national language"
"US2024274N6Y471","2024-09-29","RYDER SUPPLY CHAIN SOLUTIONS","3660 DEERPARK BLVD, ELKTON, FL, 32033-0000","US","United States",29.833938,-81.385897,"Waste Management","A Civil Society Organization|A Civil Society Organization","","","","","","","","","","","","","","","","","","","","","","","","","","","","","","","","","","","","","","","","","","False","","","","","","","","","","","","","","","","","","","","","","","","","","","","","","","","","","","","","","","","","","https://livingwage.mit.edu/counties/12109","View local living wage","https://paywizard.org/salary/living-wages","View Living Wages in national language","https://wageindicator.org/salary/minimum-wage/united-states-of-america","View Minimum Wage in English","https://paywizard.org/salary/minimum-wage","View Minimum Wage in national language"
"US2024274Q6EPQN","2024-09-29","UPS SUPPLY CHAIN SOLUTIONS - AZ305","305 S BULLARD AVE, GOODYEAR, AZ, 85338","US","United States",33.4439168,-112.373705,"Waste Management","A Civil Society Organization","","","","","","","","","","","","","","","","","","","","","","","","","","","","","","","","","","","","","","","","","","False","","","","","","","","","","","","","","","","","","","","","","","","","","","","","","","","","","","","","","","","","","https://livingwage.mit.edu/counties/04013","View local living wage","https://paywizard.org/salary/living-wages","View Living Wages in national language","https://wageindicator.org/salary/minimum-wage/united-states-of-america","View Minimum Wage in English","https://paywizard.org/salary/minimum-wage","View Minimum Wage in national language"
"US2024274QWCT1Q","2024-09-29","UNILEVER NORTH AMERICA SUPPLY CHAIN CO LLC","2250 BERENS DR, NEW LENOX, IL, 60451","US","United States",41.489701,-88.006403,"Waste Management","A Civil Society Organization|A Civil Society Organization","","","","","","","","","","","","","","","","","","","","","","","","","","","","","","","","","","","","","","","","","","False","","","","","","","","","","","","","","","","","","","","","","","","","","","","","","","","","","","","","","","","","","https://livingwage.mit.edu/counties/17197","View local living wage","https://paywizard.org/salary/living-wages","View Living Wages in national language","https://wageindicator.org/salary/minimum-wage/united-states-of-america","View Minimum Wage in English","https://paywizard.org/salary/minimum-wage","View Minimum Wage in national language"
"US2024274XFKZSM","2024-09-29","DOMINOS SUPPLY CHAIN NORTHERN CALIFORNIA","30852 SAN ANTONIO ST, HAYWARD, CA, 94544-7108","US","United States",37.615356,-122.047614,"Waste Management","A Civil Society Organization|A Civil Society Organization","","","","","","","","","","","","","","","","","","","","","","","","","","","","","","","","","","","","","","","","","","False","","","","","","","","","","","","","","","","","","","","","","","","","","","","","","","","","","","","","","","","","","https://livingwage.mit.edu/counties/06001","View local living wage","https://paywizard.org/salary/living-wages","View Living Wages in national language","https://wageindicator.org/salary/minimum-wage/united-states-of-america","View Minimum Wage in English","https://paywizard.org/salary/minimum-wage","View Minimum Wage in national language"
"US202427539H1NH","2024-10-01","Agile Supply Chain Strategies","1546 S 4650 W, Salt Lake City, UT 84104, United States","US","United States",40.73522320000001,-112.0032969,"Unspecified","Canadian Importers Database (CID) [Public List]","","","","","","","","","","","","","","","","","","","","","","","","","","","","","","","","","","","","","","","","","","False","","","","","","","","","","","","","","","","","","","","","","","","","","","","","","","","","","","","","","","","","","https://livingwage.mit.edu/counties/49035","View local living wage","https://paywizard.org/salary/living-wages","View Living Wages in national language","https://wageindicator.org/salary/minimum-wage/united-states-of-america","View Minimum Wage in English","https://paywizard.org/salary/minimum-wage","View Minimum Wage in national language"
"US2024278756MX4","2024-10-04","UPS Supply Chain Solutions Inc.","1840 Outer Loop Louisville, Kentucky 40219","US","United States",38.129746,-85.7372498,"Health|Medical Equipment & Services","US Food & Drug Administration (FDA) [Public List]|US Food & Drug Administration (FDA) [Public List]","","","","","","","","","","","","","","","","","","","","","","","","","","","","","","","","","","","","","","","","","","False","","","","","","","","","","","","","","","","","","","","","","","","","","","","","","","","","","","","","","","","","","https://livingwage.mit.edu/counties/21111","View local living wage","https://paywizard.org/salary/living-wages","View Living Wages in national language","https://wageindicator.org/salary/minimum-wage/united-states-of-america","View Minimum Wage in English","https://paywizard.org/salary/minimum-wage","View Minimum Wage in national language"
"US2024278JN1V6A","2024-10-04","RR Donnelley - Supply Chain Solutions","1600 Disk Dr Plover, Wisconsin 54467","US","United States",44.4565557,-89.521008,"Health|Medical Equipment & Services","US Food & Drug Administration (FDA) [Public List]|US Food & Drug Administration (FDA) [Public List]","","","","","","","","","","","","","","","","","","","","","","","","","","","","","","","","","","","","","","","","","","False","","","","","","","","","","","","","","","","","","","","","","","","","","","","","","","","","","","","","","","","","","https://livingwage.mit.edu/counties/55097","View local living wage","https://paywizard.org/salary/living-wages","View Living Wages in national language","https://wageindicator.org/salary/minimum-wage/united-states-of-america","View Minimum Wage in English","https://paywizard.org/salary/minimum-wage","View Minimum Wage in national language"
"US2024278X6CSMX","2024-10-04","UPS Supply Chain Solutions, Inc","2515 S Tricenter Blvd Durham, North Carolina 27713","US","United States",35.9202862,-78.8844192,"Health|Healthcare|Medical Equipment & Services|Pharmaceuticals","US Food & Drug Administration (FDA) [Public List]|US Food & Drug Administration (FDA) [Public List]","","","","","","","","","","","","","","","","","","","","","","","","","","","","","","","","","","","","","","","","","","False","","","","","","","","","","","","","","","","","","","","","","","","","","","","","","","","","","","","","","","","","","https://livingwage.mit.edu/counties/37063","View local living wage","https://paywizard.org/salary/living-wages","View Living Wages in national language","https://wageindicator.org/salary/minimum-wage/united-states-of-america","View Minimum Wage in English","https://paywizard.org/salary/minimum-wage","View Minimum Wage in national language"
"US2024278Z1DE3Z","2024-10-04","UPS Supply Chain Solutions","1860 Outer Loop Louisville, Kentucky 40219","US","United States",38.1297839,-85.7371058,"Health|Medical Equipment & Services","US Food & Drug Administration (FDA) [Public List]|US Food & Drug Administration (FDA) [Public List]","","","","","","","","","","","","","","","","","","","","","","","","","","","","","","","","","","","","","","","","","","False","","","","","","","","","","","","","","","","","","","","","","","","","","","","","","","","","","","","","","","","","","https://livingwage.mit.edu/counties/21111","View local living wage","https://paywizard.org/salary/living-wages","View Living Wages in national language","https://wageindicator.org/salary/minimum-wage/united-states-of-america","View Minimum Wage in English","https://paywizard.org/salary/minimum-wage","View Minimum Wage in national language"
"US202427915WGSD","2024-10-05","Inmar Supply Chain Solutions, LLC","1131 W Bardin Rd Ste 131 Arlington, Texas 76017","US","United States",32.6735105,-97.1288452,"Food|Food & Beverage","US Food & Drug Administration (FDA) [Public List]","","","","","","","","","","","","","","","","","","","","","","","","","","","","","","","","","","","","","","","","","","False","","","","","","","","","","","","","","","","","","","","","","","","","","","","","","","","","","","","","","","","","","https://livingwage.mit.edu/counties/48439","View local living wage","https://paywizard.org/salary/living-wages","View Living Wages in national language","https://wageindicator.org/salary/minimum-wage/united-states-of-america","View Minimum Wage in English","https://paywizard.org/salary/minimum-wage","View Minimum Wage in national language"
"US2024279H0ETSM","2024-10-05","Milan Supply Chain Solutions Distribution Services","13516 Telecom Dr Milan, Tennessee 38358","US","United States",35.8842722,-88.7540124,"Food","US Food & Drug Administration (FDA) [Public List]","","","","","","","","","","","","","","","","","","","","","","","","","","","","","","","","","","","","","","","","","","False","","","","","","","","","","","","","","","","","","","","","","","","","","","","","","","","","","","","","","","","","","https://livingwage.mit.edu/counties/47053","View local living wage","https://paywizard.org/salary/living-wages","View Living Wages in national language","https://wageindicator.org/salary/minimum-wage/united-states-of-america","View Minimum Wage in English","https://paywizard.org/salary/minimum-wage","View Minimum Wage in national language"
"US2024279PP5YH2","2024-10-05","UPS Supply Chain Solutions Inc","1920 Outer Loop Louisville, Kentucky 40219","US","United States",38.1299587,-85.7367273,"Health|Medical Equipment & Services","US Food & Drug Administration (FDA) [Public List]|US Food & Drug Administration (FDA) [Public List]","","","","","","","","","","","","","","","","","","","","","","","","","","","","","","","","","","","","","","","","","","False","","","","","","","","","","","","","","","","","","","","","","","","","","","","","","","","","","","","","","","","","","https://livingwage.mit.edu/counties/21111","View local living wage","https://paywizard.org/salary/living-wages","View Living Wages in national language","https://wageindicator.org/salary/minimum-wage/united-states-of-america","View Minimum Wage in English","https://paywizard.org/salary/minimum-wage","View Minimum Wage in national language"
"US2024279PYPN67","2024-10-05","DHL Supply Chain","13401 Ashmore Ln Northlake, Texas 76262","US","United States",33.0289104,-97.26288670000001,"Food|Food & Beverage","US Food & Drug Administration (FDA) [Public List]","","Exel Inc","","","","","","","","","","","","","","","","","","","","","","","","","","","","","","","","","","","","","","","","False","","","","","","","","","","","","","","","","","","","","","","","","","","","","","","","","","","","","","","","","","","https://livingwage.mit.edu/counties/48121","View local living wage","https://paywizard.org/salary/living-wages","View Living Wages in national language","https://wageindicator.org/salary/minimum-wage/united-states-of-america","View Minimum Wage in English","https://paywizard.org/salary/minimum-wage","View Minimum Wage in national language"
"US2024279Q1QRZ8","2024-10-05","North Carolina Domino's Pizza Supply Chain Center LLC","3100 Waterfield Dr Garner, North Carolina 27529","US","United States",35.6793229,-78.5581454,"Food|Food & Beverage","US Food & Drug Administration (FDA) [Public List]","","","","","","","","","","","","","","","","","","","","","","","","","","","","","","","","","","","","","","","","","","False","","","","","","","","","","","","","","","","","","","","","","","","","","","","","","","","","","","","","","","","","","https://livingwage.mit.edu/counties/37183","View local living wage","https://paywizard.org/salary/living-wages","View Living Wages in national language","https://wageindicator.org/salary/minimum-wage/united-states-of-america","View Minimum Wage in English","https://paywizard.org/salary/minimum-wage","View Minimum Wage in national language"
"US2024279WV6B3D","2024-10-05","Visible Supply Chain Management LLC","6077 W Wells Park Rd West Jordan, Utah 84081","US","United States",40.5770346,-112.0481926,"Food|Food & Beverage","US Food & Drug Administration (FDA) [Public List]","","","","","","","","","","","","","","","","","","","","","","","","","","","","","","","","","","","","","","","","","","False","","","","","","","","","","","","","","","","","","","","","","","","","","","","","","","","","","","","","","","","","","https://livingwage.mit.edu/counties/49035","View local living wage","https://paywizard.org/salary/living-wages","View Living Wages in national language","https://wageindicator.org/salary/minimum-wage/united-states-of-america","View Minimum Wage in English","https://paywizard.org/salary/minimum-wage","View Minimum Wage in national language"
"US2024280EDB6Z5","2024-10-06","Domino's Pizza - Northern California Supply Chain Center","30852 San Antonio St Hayward, California 94544","US","United States",37.6154549,-122.047593,"Food","US Food & Drug Administration (FDA) [Public List]","","","","","","","","","","","","","","","","","","","","","","","","","","","","","","","","","","","","","","","","","","False","","","","","","","","","","","","","","","","","","","","","","","","","","","","","","","","","","","","","","","","","","https://livingwage.mit.edu/counties/06001","View local living wage","https://paywizard.org/salary/living-wages","View Living Wages in national language","https://wageindicator.org/salary/minimum-wage/united-states-of-america","View Minimum Wage in English","https://paywizard.org/salary/minimum-wage","View Minimum Wage in national language"
"US2024280JA5EKW","2024-10-06","GXO Logistics Supply Chain, Inc.","1115 Vaughn Pkwy # B Portland, Tennessee 37148","US","United States",36.6403581,-86.5790825,"Food","US Food & Drug Administration (FDA) [Public List]","","","","","","","","","","","","","","","","","","","","","","","","","","","","","","","","","","","","","","","","","","False","","","","","","","","","","","","","","","","","","","","","","","","","","","","","","","","","","","","","","","","","","https://livingwage.mit.edu/counties/47147","View local living wage","https://paywizard.org/salary/living-wages","View Living Wages in national language","https://wageindicator.org/salary/minimum-wage/united-states-of-america","View Minimum Wage in English","https://paywizard.org/salary/minimum-wage","View Minimum Wage in national language"
"US2024280YVGRVP","2024-10-06","Inmar Supply Chain Solutions, LLC","8150 Industrial Blvd Breinigsville, Pennsylvania 18031","US","United States",40.561439,-75.622961,"Food","US Food & Drug Administration (FDA) [Public List]|US Food & Drug Administration (FDA) [Public List]","","","","","","","","","","","","","","","","","","","","","","","","","","","","","","","","","","","","","","","","","","False","","","","","","","","","","","","","","","","","","","","","","","","","","","","","","","","","","","","","","","","","","https://livingwage.mit.edu/counties/42077","View local living wage","https://paywizard.org/salary/living-wages","View Living Wages in national language","https://wageindicator.org/salary/minimum-wage/united-states-of-america","View Minimum Wage in English","https://paywizard.org/salary/minimum-wage","View Minimum Wage in national language"
"US2024281Y31DDQ","2024-10-07","Domino's Pizza Supply Chain Center","4055 Royal Dr NW Kennesaw, Georgia 30144","US","United States",34.05179,-84.6072025,"Food","US Food & Drug Administration (FDA) [Public List]|US Food & Drug Administration (FDA) [Public List]","","","","","","","","","","","","","","","","","","","","","","","","","","","","","","","","","","","","","","","","","","False","","","","","","","","","","","","","","","","","","","","","","","","","","","","","","","","","","","","","","","","","","https://livingwage.mit.edu/counties/13067","View local living wage","https://paywizard.org/salary/living-wages","View Living Wages in national language","https://wageindicator.org/salary/minimum-wage/united-states-of-america","View Minimum Wage in English","https://paywizard.org/salary/minimum-wage","View Minimum Wage in national language"
"US202428231D7PA","2024-10-08","Cargill, Inc.- Grain & Oilseed Supply Chain North America","200 N 19th St Tampa, Florida 33605","US","United States",27.9495352,-82.4412478,"Food","US Food & Drug Administration (FDA) [Public List]|US Food & Drug Administration (FDA) [Public List]","","","","","","","","","","","","","","","","","","","","","","","","","","","","","","","","","","","","","","","","","","False","","","","","","","","","","","","","","","","","","","","","","","","","","","","","","","","","","","","","","","","","","https://livingwage.mit.edu/counties/12057","View local living wage","https://paywizard.org/salary/living-wages","View Living Wages in national language","https://wageindicator.org/salary/minimum-wage/united-states-of-america","View Minimum Wage in English","https://paywizard.org/salary/minimum-wage","View Minimum Wage in national language"
"US2024282A76X3K","2024-10-08","Fedex Supply Chain, Inc.","3955 E Holmes Rd Memphis, Tennessee 38118","US","United States",35.0047294,-89.93202409999999,"Health|Medical Equipment & Services","US Food & Drug Administration (FDA) [Public List]","","","","","","","","","","","","","","","","","","","","","","","","","","","","","","","","","","","","","","","","","","False","","","","","","","","","","","","","","","","","","","","","","","","","","","","","","","","","","","","","","","","","","https://livingwage.mit.edu/counties/47157","View local living wage","https://paywizard.org/salary/living-wages","View Living Wages in national language","https://wageindicator.org/salary/minimum-wage/united-states-of-america","View Minimum Wage in English","https://paywizard.org/salary/minimum-wage","View Minimum Wage in national language"
"US2024282GGPTBQ","2024-10-08","UPS Supply Chain Solutions-SPL-East Syracuse-NY","6804 Manlius Center Rd East Syracuse, New York 13057","US","United States",43.06170669999999,-76.0482882,"Health|Medical Equipment & Services","US Food & Drug Administration (FDA) [Public List]","","","","","","","","","","","","","","","","","","","","","","","","","","","","","","","","","","","","","","","","","","False","","","","","","","","","","","","","","","","","","","","","","","","","","","","","","","","","","","","","","","","","","https://livingwage.mit.edu/counties/36067","View local living wage","https://paywizard.org/salary/living-wages","View Living Wages in national language","https://wageindicator.org/salary/minimum-wage/united-states-of-america","View Minimum Wage in English","https://paywizard.org/salary/minimum-wage","View Minimum Wage in national language"
"US20242834GP38J","2024-10-09","Fed-Ex Supply Chain","1750 Shenango Rd New Galilee, Pennsylvania 16141","US","United States",40.8389656,-80.36273299999999,"Health|Medical Equipment & Services","US Food & Drug Administration (FDA) [Public List]","","","","","","","","","","","","","","","","","","","","","","","","","","","","","","","","","","","","","","","","","","False","","","","","","","","","","","","","","","","","","","","","","","","","","","","","","","","","","","","","","","","","","https://livingwage.mit.edu/counties/42007","View local living wage","https://paywizard.org/salary/living-wages","View Living Wages in national language","https://wageindicator.org/salary/minimum-wage/united-states-of-america","View Minimum Wage in English","https://paywizard.org/salary/minimum-wage","View Minimum Wage in national language"
"US20242834NTBKE","2024-10-09","DHL Supply Chain","2101 S 600 E Columbia City, Indiana 46725","US","United States",41.1320077,-85.37445029999999,"Food","US Food & Drug Administration (FDA) [Public List]","","","","","","","","","","","","","","","","","","","","","","","","","","","","","","","","","","","","","","","","","","False","","","","","","","","","","","","","","","","","","","","","","","","","","","","","","","","","","","","","","","","","","https://livingwage.mit.edu/counties/18183","View local living wage","https://paywizard.org/salary/living-wages","View Living Wages in national language","https://wageindicator.org/salary/minimum-wage/united-states-of-america","View Minimum Wage in English","https://paywizard.org/salary/minimum-wage","View Minimum Wage in national language"
"US2024283EH4FWB","2024-10-09","DHL Supply Chain (USA)","201 Greenwood Ct Mcdonough, Georgia 30253","US","United States",33.38698,-84.17060839999999,"Health|Medical Equipment & Services","US Food & Drug Administration (FDA) [Public List]","","Exel Inc","","","","","","","","","","","","","","","","","","","","","","","","","","","","","","","","","","","","","","","","False","","","","","","","","","","","","","","","","","","","","","","","","","","","","","","","","","","","","","","","","","","https://livingwage.mit.edu/counties/13151","View local living wage","https://paywizard.org/salary/living-wages","View Living Wages in national language","https://wageindicator.org/salary/minimum-wage/united-states-of-america","View Minimum Wage in English","https://paywizard.org/salary/minimum-wage","View Minimum Wage in national language"
"US2024283G8MP21","2024-10-09","FedEx Supply Chain, Inc","12220 Presidents Ct Jacksonville, Florida 32220","US","United States",30.3692383,-81.84163079999999,"Food","US Food & Drug Administration (FDA) [Public List]","","","","","","","","","","","","","","","","","","","","","","","","","","","","","","","","","","","","","","","","","","False","","","","","","","","","","","","","","","","","","","","","","","","","","","","","","","","","","","","","","","","","","https://livingwage.mit.edu/counties/12031","View local living wage","https://paywizard.org/salary/living-wages","View Living Wages in national language","https://wageindicator.org/salary/minimum-wage/united-states-of-america","View Minimum Wage in English","https://paywizard.org/salary/minimum-wage","View Minimum Wage in national language"
"US2024283Q1T6SE","2024-10-09","UPS Supply Chain Solutions, Inc.","378 Commercial St Malden, Massachusetts 02148","US","United States",42.4138795,-71.074574,"Health|Medical Equipment & Services","US Food & Drug Administration (FDA) [Public List]","","","","","","","","","","","","","","","","","","","","","","","","","","","","","","","","","","","","","","","","","","False","","","","","","","","","","","","","","","","","","","","","","","","","","","","","","","","","","","","","","","","","","https://livingwage.mit.edu/counties/25017","View local living wage","https://paywizard.org/salary/living-wages","View Living Wages in national language","https://wageindicator.org/salary/minimum-wage/united-states-of-america","View Minimum Wage in English","https://paywizard.org/salary/minimum-wage","View Minimum Wage in national language"
"US2024283RNQJF2","2024-10-09","Domino's Michigan Supply Chain, LLC","17605 Commerce Dr New Boston, Michigan 48164","US","United States",42.17868319999999,-83.3912617,"Food","US Food & Drug Administration (FDA) [Public List]","","","","","","","","","","","","","","","","","","","","","","","","","","","","","","","","","","","","","","","","","","False","","","","","","","","","","","","","","","","","","","","","","","","","","","","","","","","","","","","","","","","","","https://livingwage.mit.edu/counties/26163","View local living wage","https://paywizard.org/salary/living-wages","View Living Wages in national language","https://wageindicator.org/salary/minimum-wage/united-states-of-america","View Minimum Wage in English","https://paywizard.org/salary/minimum-wage","View Minimum Wage in national language"
"US20242848P6Y44","2024-10-10","GXO Logistics Supply Chain, Inc.","8681 W Jefferson St Tolleson, Arizona 85353","US","United States",33.4465052,-112.2463076,"Food","US Food & Drug Administration (FDA) [Public List]","","","","","","","","","","","","","","","","","","","","","","","","","","","","","","","","","","","","","","","","","","False","","","","","","","","","","","","","","","","","","","","","","","","","","","","","","","","","","","","","","","","","","https://livingwage.mit.edu/counties/04013","View local living wage","https://paywizard.org/salary/living-wages","View Living Wages in national language","https://wageindicator.org/salary/minimum-wage/united-states-of-america","View Minimum Wage in English","https://paywizard.org/salary/minimum-wage","View Minimum Wage in national language"
"US202428499Z1WC","2024-10-10","UPS Supply Chain Solutions Inc","11991 Landon Dr Eastvale, California 91752","US","United States",34.0005398,-117.5470164,"Food","US Food & Drug Administration (FDA) [Public List]","","","","","","","","","","","","","","","","","","","","","","","","","","","","","","","","","","","","","","","","","","False","","","","","","","","","","","","","","","","","","","","","","","","","","","","","","","","","","","","","","","","","","https://livingwage.mit.edu/counties/06065","View local living wage","https://paywizard.org/salary/living-wages","View Living Wages in national language","https://wageindicator.org/salary/minimum-wage/united-states-of-america","View Minimum Wage in English","https://paywizard.org/salary/minimum-wage","View Minimum Wage in national language"
"US20242849C2BVV","2024-10-10","SCHWAN'S FOOD COMPANY GLOBAL SUPPLY CHAIN, INC","56 Smedley St North East, Pennsylvania 16428","US","United States",42.2120651,-79.82909269999999,"Food","US Food & Drug Administration (FDA) [Public List]|US Food & Drug Administration (FDA) [Public List] (FDA Inspections 10-1-24 to 3-5-25)","","","","","","","","","","","","","","","","","","","","","","","","","","","","","","","","","","","","","","","","","","False","","","","","","","","","","","","","","","","","","","","","","","","","","","","","","","","","","","","","","","","","","https://livingwage.mit.edu/counties/42049","View local living wage","https://paywizard.org/salary/living-wages","View Living Wages in national language","https://wageindicator.org/salary/minimum-wage/united-states-of-america","View Minimum Wage in English","https://paywizard.org/salary/minimum-wage","View Minimum Wage in national language"
"US2024284C29P6H","2024-10-10","Supply Chain Solutions LLC","2300 Sitler St Bldg 685 Memphis, Tennessee 38114","US","United States",35.0832503,-90.00151029999999,"Food|Unspecified","US Small Business Administration (SBA) [Public List] |US Food & Drug Administration (FDA) [Public List]","","","","","","Transportation","","","","","","","","","","","","","","","","","","","","","","","","","","","","","","","","","","","","False","","","","","","","","","","","","","","","","","","","","","","","","","","","","","","","","","","","","","","","","","","https://livingwage.mit.edu/counties/47157","View local living wage","https://paywizard.org/salary/living-wages","View Living Wages in national language","https://wageindicator.org/salary/minimum-wage/united-states-of-america","View Minimum Wage in English","https://paywizard.org/salary/minimum-wage","View Minimum Wage in national language"
"US2024284CMZXKD","2024-10-10","DHL Inc. dba DHL Supply Chain (USA)","8631 Polk Ln Ste B Olive Branch, Mississippi 38654","US","United States",34.9847505,-89.7811796,"Food","US Food & Drug Administration (FDA) [Public List]","","DHL Inc.","","","","","","","","","","","","","","","","","","","","","","","","","","","","","","","","","","","","","","","","False","","","","","","","","","","","","","","","","","","","","","","","","","","","","","","","","","","","","","","","","","","https://livingwage.mit.edu/counties/28033","View local living wage","https://paywizard.org/salary/living-wages","View Living Wages in national language","https://wageindicator.org/salary/minimum-wage/united-states-of-america","View Minimum Wage in English","https://paywizard.org/salary/minimum-wage","View Minimum Wage in national language"
"US2024284MCGGQN","2024-10-10","Domino's Pizza Supply Chain Center","900 S State Highway 161 Grand Prairie, Texas 75051","US","United States",32.6760597,-97.0239179,"Food","US Food & Drug Administration (FDA) [Public List]","","","","","","","","","","","","","","","","","","","","","","","","","","","","","","","","","","","","","","","","","","False","","","","","","","","","","","","","","","","","","","","","","","","","","","","","","","","","","","","","","","","","","https://livingwage.mit.edu/counties/48113","View local living wage","https://paywizard.org/salary/living-wages","View Living Wages in national language","https://wageindicator.org/salary/minimum-wage/united-states-of-america","View Minimum Wage in English","https://paywizard.org/salary/minimum-wage","View Minimum Wage in national language"
"US2024284MGSYJB","2024-10-10","Schwan Food Company Schwan's Global Supply Chain, Inc.","1 Lemon Ln Ne Atlanta, Georgia 30307","US","United States",33.7613464,-84.3358229,"Food","US Food & Drug Administration (FDA) [Public List]","","","","","","","","","","","","","","","","","","","","","","","","","","","","","","","","","","","","","","","","","","False","","","","","","","","","","","","","","","","","","","","","","","","","","","","","","","","","","","","","","","","","","https://livingwage.mit.edu/counties/13089","View local living wage","https://paywizard.org/salary/living-wages","View Living Wages in national language","https://wageindicator.org/salary/minimum-wage/united-states-of-america","View Minimum Wage in English","https://paywizard.org/salary/minimum-wage","View Minimum Wage in national language"
"US2024284QV4952","2024-10-10","GXO Logistics Supply Chain, Inc.","N59w13633 Manhardt Dr Menomonee Falls, Wisconsin 53051","US","United States",43.1253089,-88.0806733,"Food","US Food & Drug Administration (FDA) [Public List]","","","","","","","","","","","","","","","","","","","","","","","","","","","","","","","","","","","","","","","","","","False","","","","","","","","","","","","","","","","","","","","","","","","","","","","","","","","","","","","","","","","","","https://livingwage.mit.edu/counties/55133","View local living wage","https://paywizard.org/salary/living-wages","View Living Wages in national language","https://wageindicator.org/salary/minimum-wage/united-states-of-america","View Minimum Wage in English","https://paywizard.org/salary/minimum-wage","View Minimum Wage in national language"
"US2024284TK9BZY","2024-10-10","Fed Ex Supply Chain/Hershey MWDC","100 Enterprise Dr, Warehouse A, B Edwardsville, Illinois 62025","US","United States",38.7877791,-90.0505604,"Food","US Food & Drug Administration (FDA) [Public List]","","","","","","","","","","","","","","","","","","","","","","","","","","","","","","","","","","","","","","","","","","False","","","","","","","","","","","","","","","","","","","","","","","","","","","","","","","","","","","","","","","","","","https://livingwage.mit.edu/counties/17119","View local living wage","https://paywizard.org/salary/living-wages","View Living Wages in national language","https://wageindicator.org/salary/minimum-wage/united-states-of-america","View Minimum Wage in English","https://paywizard.org/salary/minimum-wage","View Minimum Wage in national language"
"US20242851ZRN9N","2024-10-11","SFC Global Supply Chain Inc","25 Jefferson St Westfield, New York 14787","US","United States",42.3273448,-79.5800977,"Food","US Food & Drug Administration (FDA) [Public List]","","","","","","","","","","","","","","","","","","","","","","","","","","","","","","","","","","","","","","","","","","False","","","","","","","","","","","","","","","","","","","","","","","","","","","","","","","","","","","","","","","","","","https://livingwage.mit.edu/counties/36013","View local living wage","https://paywizard.org/salary/living-wages","View Living Wages in national language","https://wageindicator.org/salary/minimum-wage/united-states-of-america","View Minimum Wage in English","https://paywizard.org/salary/minimum-wage","View Minimum Wage in national language"
"US20242854B7DKN","2024-10-11","Arizona Supply Chain Center for Domino's Pizza, LLC","5216 W Mohave St Phoenix, Arizona 85043","US","United States",33.4315848,-112.1718946,"Food","US Food & Drug Administration (FDA) [Public List]","","","","","","","","","","","","","","","","","","","","","","","","","","","","","","","","","","","","","","","","","","False","","","","","","","","","","","","","","","","","","","","","","","","","","","","","","","","","","","","","","","","","","https://livingwage.mit.edu/counties/04013","View local living wage","https://paywizard.org/salary/living-wages","View Living Wages in national language","https://wageindicator.org/salary/minimum-wage/united-states-of-america","View Minimum Wage in English","https://paywizard.org/salary/minimum-wage","View Minimum Wage in national language"
"US20242854E144T","2024-10-11","Derby Supply Chain Solutions, LLC","3285 Davy Crockett Rd NE Cleveland, Tennessee 37323","US","United States",35.17133330000001,-84.839804,"Health|Medical Equipment & Services","US Food & Drug Administration (FDA) [Public List]","","","","","","","","","","","","","","","","","","","","","","","","","","","","","","","","","","","","","","","","","","False","","","","","","","","","","","","","","","","","","","","","","","","","","","","","","","","","","","","","","","","","","https://livingwage.mit.edu/counties/47011","View local living wage","https://paywizard.org/salary/living-wages","View Living Wages in national language","https://wageindicator.org/salary/minimum-wage/united-states-of-america","View Minimum Wage in English","https://paywizard.org/salary/minimum-wage","View Minimum Wage in national language"
"US20242856ABPK3","2024-10-11","Inmar Supply Chain Solutions LLC","130 Hillcrest Dr. Sulphur Springs, Texas 75482","US","United States",33.1346718,-95.6272034,"Health|Healthcare|Pharmaceuticals","US Food & Drug Administration (FDA) [Public List]","","","","","","","","","","","","","","","","","","","","","","","","","","","","","","","","","","","","","","","","","","False","","","","","","","","","","","","","","","","","","","","","","","","","","","","","","","","","","","","","","","","","","https://livingwage.mit.edu/counties/48223","View local living wage","https://paywizard.org/salary/living-wages","View Living Wages in national language","https://wageindicator.org/salary/minimum-wage/united-states-of-america","View Minimum Wage in English","https://paywizard.org/salary/minimum-wage","View Minimum Wage in national language"
"US2024285720TMP","2024-10-11","UPS Supply Chain Solutions, Inc.","222 Lake Dr Newark, Delaware 19702","US","United States",39.613557,-75.75444970000001,"Health|Healthcare|Pharmaceuticals","US Food & Drug Administration (FDA) [Public List]","","","","","","","","","","","","","","","","","","","","","","","","","","","","","","","","","","","","","","","","","","False","","","","","","","","","","","","","","","","","","","","","","","","","","","","","","","","","","","","","","","","","","https://livingwage.mit.edu/counties/10003","View local living wage","https://paywizard.org/salary/living-wages","View Living Wages in national language","https://wageindicator.org/salary/minimum-wage/united-states-of-america","View Minimum Wage in English","https://paywizard.org/salary/minimum-wage","View Minimum Wage in national language"
"US20242857GPJB9","2024-10-11","GXO Logistics Supply Chain, Inc.","470 Saint Johns Church Rd Bldg 1 Camp Hill, Pennsylvania 17011","US","United States",40.22870899999999,-76.950118,"Food","US Food & Drug Administration (FDA) [Public List]","","","","","","","","","","","","","","","","","","","","","","","","","","","","","","","","","","","","","","","","","","False","","","","","","","","","","","","","","","","","","","","","","","","","","","","","","","","","","","","","","","","","","https://livingwage.mit.edu/counties/42041","View local living wage","https://paywizard.org/salary/living-wages","View Living Wages in national language","https://wageindicator.org/salary/minimum-wage/united-states-of-america","View Minimum Wage in English","https://paywizard.org/salary/minimum-wage","View Minimum Wage in national language"
"US2024285E4D615","2024-10-11","FedEx Supply Chain, Inc","1043 Global Ave Graniteville, South Carolina 29829","US","United States",33.6244049,-81.8477394,"Health|Medical Equipment & Services","US Food & Drug Administration (FDA) [Public List]","","","","","","","","","","","","","","","","","","","","","","","","","","","","","","","","","","","","","","","","","","False","","","","","","","","","","","","","","","","","","","","","","","","","","","","","","","","","","","","","","","","","","https://livingwage.mit.edu/counties/45003","View local living wage","https://paywizard.org/salary/living-wages","View Living Wages in national language","https://wageindicator.org/salary/minimum-wage/united-states-of-america","View Minimum Wage in English","https://paywizard.org/salary/minimum-wage","View Minimum Wage in national language"
"US2024285FF5THD","2024-10-11","Janssen Supply Chain, LLC","1000 Us Highway 202 930 West Building Raritan, New Jersey 08869","US","United States",40.5769486,-74.65130169999999,"Health|Healthcare|Pharmaceuticals","US Food & Drug Administration (FDA) [Public List]","","","","","","","","","","","","","","","","","","","","","","","","","","","","","","","","","","","","","","","","","","False","","","","","","","","","","","","","","","","","","","","","","","","","","","","","","","","","","","","","","","","","","https://livingwage.mit.edu/counties/34035","View local living wage","https://paywizard.org/salary/living-wages","View Living Wages in national language","https://wageindicator.org/salary/minimum-wage/united-states-of-america","View Minimum Wage in English","https://paywizard.org/salary/minimum-wage","View Minimum Wage in national language"
"US2024285RZY3PD","2024-10-11","Unilever Supply Chain Inc","1901 Ragu Dr Owensboro, Kentucky 42303","US","United States",37.7684718,-87.0769967,"Food","US Food & Drug Administration (FDA) [Public List]","","","","","","","","","","","","","","","","","","","","","","","","","","","","","","","","","","","","","","","","","","False","","","","","","","","","","","","","","","","","","","","","","","","","","","","","","","","","","","","","","","","","","https://livingwage.mit.edu/counties/21059","View local living wage","https://paywizard.org/salary/living-wages","View Living Wages in national language","https://wageindicator.org/salary/minimum-wage/united-states-of-america","View Minimum Wage in English","https://paywizard.org/salary/minimum-wage","View Minimum Wage in national language"
"US2024285VEFRGZ","2024-10-11","Inmar Supply Chain Solutions","1971 S 4490 W Ste E Salt Lake City, Utah 84104","US","United States",40.7284533,-111.9978655,"Food","US Food & Drug Administration (FDA) [Public List]","","","","","","","","","","","","","","","","","","","","","","","","","","","","","","","","","","","","","","","","","","False","","","","","","","","","","","","","","","","","","","","","","","","","","","","","","","","","","","","","","","","","","https://livingwage.mit.edu/counties/49035","View local living wage","https://paywizard.org/salary/living-wages","View Living Wages in national language","https://wageindicator.org/salary/minimum-wage/united-states-of-america","View Minimum Wage in English","https://paywizard.org/salary/minimum-wage","View Minimum Wage in national language"
"US202428605ZC6P","2024-10-12","Supply Chain Services, Llc","847 West Ave Bldg 10 Rochester, New York 14611","US","United States",43.1492959,-77.6632941,"Food","US Food & Drug Administration (FDA) [Public List]","","","","","","","","","","","","","","","","","","","","","","","","","","","","","","","","","","","","","","","","","","False","","","","","","","","","","","","","","","","","","","","","","","","","","","","","","","","","","","","","","","","","","https://livingwage.mit.edu/counties/36055","View local living wage","https://paywizard.org/salary/living-wages","View Living Wages in national language","https://wageindicator.org/salary/minimum-wage/united-states-of-america","View Minimum Wage in English","https://paywizard.org/salary/minimum-wage","View Minimum Wage in national language"
"US20242868ARJJE","2024-10-12","UPS Supply Chain Solutions Inc","1910 Danielson Pl Memphis, Tennessee 38114","US","United States",35.0858001,-89.99952689999999,"Health|Healthcare|Pharmaceuticals","US Food & Drug Administration (FDA) [Public List]","","","","","","","","","","","","","","","","","","","","","","","","","","","","","","","","","","","","","","","","","","False","","","","","","","","","","","","","","","","","","","","","","","","","","","","","","","","","","","","","","","","","","https://livingwage.mit.edu/counties/47157","View local living wage","https://paywizard.org/salary/living-wages","View Living Wages in national language","https://wageindicator.org/salary/minimum-wage/united-states-of-america","View Minimum Wage in English","https://paywizard.org/salary/minimum-wage","View Minimum Wage in national language"
"US2024286A8B906","2024-10-12","FED EX SUPPLY CHAIN UNILEVER","5620 Inner Park Dr Edwardsville, Illinois 62025","US","United States",38.7636361,-90.0554102,"Food","US Food & Drug Administration (FDA) [Public List]","","","","","","","","","","","","","","","","","","","","","","","","","","","","","","","","","","","","","","","","","","False","","","","","","","","","","","","","","","","","","","","","","","","","","","","","","","","","","","","","","","","","","https://livingwage.mit.edu/counties/17119","View local living wage","https://paywizard.org/salary/living-wages","View Living Wages in national language","https://wageindicator.org/salary/minimum-wage/united-states-of-america","View Minimum Wage in English","https://paywizard.org/salary/minimum-wage","View Minimum Wage in national language"
"US2024286DPP00S","2024-10-12","UPS Supply Chain Solutions, Inc.","1550 Micheldean Dr Webster, New York 14580","US","United States",43.2263897,-77.4101856,"Food","US Food & Drug Administration (FDA) [Public List]","","","","","","","","","","","","","","","","","","","","","","","","","","","","","","","","","","","","","","","","","","False","","","","","","","","","","","","","","","","","","","","","","","","","","","","","","","","","","","","","","","","","","https://livingwage.mit.edu/counties/36055","View local living wage","https://paywizard.org/salary/living-wages","View Living Wages in national language","https://wageindicator.org/salary/minimum-wage/united-states-of-america","View Minimum Wage in English","https://paywizard.org/salary/minimum-wage","View Minimum Wage in national language"
"US2024286G9GCK8","2024-10-12","UPS Supply Chain Solutions","3195 North Lanier Pkwy Decatur, Georgia 30034","US","United States",33.6914837,-84.2689692,"Health|Healthcare|Pharmaceuticals","US Food & Drug Administration (FDA) [Public List]","","","","","","","","","","","","","","","","","","","","","","","","","","","","","","","","","","","","","","","","","","False","","","","","","","","","","","","","","","","","","","","","","","","","","","","","","","","","","","","","","","","","","https://livingwage.mit.edu/counties/13089","View local living wage","https://paywizard.org/salary/living-wages","View Living Wages in national language","https://wageindicator.org/salary/minimum-wage/united-states-of-america","View Minimum Wage in English","https://paywizard.org/salary/minimum-wage","View Minimum Wage in national language"
"US20242922F65PF","2024-10-18","HTT SUPPLY CHAIN MANAGEMENT CO., LIMITED","1170 CENTRE DR STE H, WALNUT, CA, 91789-2806","US","United States",33.994004,-117.8716081,"Ground Passenger Transportation","An Other","","","","","","","","","","","","","","","","","","","","","","","","","","","","","","","","","","","","","","","","","","False","","","","","","","","","","","","","","","","","","","","","","","","","","","","","","","","","","","","","","","","","","https://livingwage.mit.edu/counties/06037","View local living wage","https://paywizard.org/salary/living-wages","View Living Wages in national language","https://wageindicator.org/salary/minimum-wage/united-states-of-america","View Minimum Wage in English","https://paywizard.org/salary/minimum-wage","View Minimum Wage in national language"
"US2024292BEGZ05","2024-10-18","OPERATIONS PROCUREMENT AND SUPPLY CHAIN SERVICES, INC.","2501 NW 34th Place Suite B21 + B22, Pompano Beach, FL, 33069","US","United States",26.2727198,-80.1584755,"Rail Transportation","An Other|US Small Business Administration (SBA) [Public List] ","","","","","","","","","","","","","","","","","","","","","","","","","","","","","","","","","","","","","","","","","","False","","","","","","","","","","","","","","","","","","","","","","","","","","","","","","","","","","","","","","","","","","https://livingwage.mit.edu/counties/12011","View local living wage","https://paywizard.org/salary/living-wages","View Living Wages in national language","https://wageindicator.org/salary/minimum-wage/united-states-of-america","View Minimum Wage in English","https://paywizard.org/salary/minimum-wage","View Minimum Wage in national language"
"US2024292BTETNZ","2024-10-18","SUNSHINE SUPPLY CHAIN, INC","560 COPPER DR, NEWPORT, DE, 19804-2418","US","United States",39.7111637,-75.599239,"Wholesale Trade","An Other","","","","","","","","","","","","","","","","","","","","","","","","","","","","","","","","","","","","","","","","","","False","","","","","","","","","","","","","","","","","","","","","","","","","","","","","","","","","","","","","","","","","","https://livingwage.mit.edu/counties/10003","View local living wage","https://paywizard.org/salary/living-wages","View Living Wages in national language","https://wageindicator.org/salary/minimum-wage/united-states-of-america","View Minimum Wage in English","https://paywizard.org/salary/minimum-wage","View Minimum Wage in national language"
"US20242970AMWZV","2024-10-23","HAINING SUPPLY CHAIN CONSULTING, LLC","32632 WESLEY WAY, DADE CITY, FL, 33525","US","United States",28.3565154,-82.2758289,"Wholesale Trade","US Small Business Administration (SBA) [Public List] ","","","","","","","","","","","","","","","","","","","","","","","","","","","","","","","","","","","","","","","","","","False","","","","","","","","","","","","","","","","","","","","","","","","","","","","","","","","","","","","","","","","","","https://livingwage.mit.edu/counties/12101","View local living wage","https://paywizard.org/salary/living-wages","View Living Wages in national language","https://wageindicator.org/salary/minimum-wage/united-states-of-america","View Minimum Wage in English","https://paywizard.org/salary/minimum-wage","View Minimum Wage in national language"
"US20243022J1AZK","2024-10-28","SUPPLY CHAIN ENGINEERING, LLC","174 ROUNDABOUT CT, ROCKY MOUNT, NC 27804-3573","US","United States",35.9628305,-77.8628775,"Wholesale Trade","US Small Business Administration (SBA) [Public List] ","","","","","","","","","","","","","","","","","","","","","","","","","","","","","","","","","","","","","","","","","","False","","","","","","","","","","","","","","","","","","","","","","","","","","","","","","","","","","","","","","","","","","https://livingwage.mit.edu/counties/37127","View local living wage","https://paywizard.org/salary/living-wages","View Living Wages in national language","https://wageindicator.org/salary/minimum-wage/united-states-of-america","View Minimum Wage in English","https://paywizard.org/salary/minimum-wage","View Minimum Wage in national language"
"US2025014ASR91V","2025-01-13","DTLA SUPPLY CHAIN INC","7720 MAIE AVE, LOS ANGELES, CA 90001","US","United States",33.9694266,-118.2440486,"Apparel","Open Supply Hub Research Team [Public Data] (January 13, 2025)","","","","","","","","","","","","","","","","","","","","","","","","","","","","","","","","","","","","","","","","","","False","","","","","","","","","","","","","","","","","","","","","","","","","","","","","","","","","","","","","","","","","","https://livingwage.mit.edu/counties/06037","View local living wage","https://paywizard.org/salary/living-wages","View Living Wages in national language","https://wageindicator.org/salary/minimum-wage/united-states-of-america","View Minimum Wage in English","https://paywizard.org/salary/minimum-wage","View Minimum Wage in national language"
"US202502924M2PE","2025-01-29","SFC Global Supply Chain Inc. - Erie","2200 E 38th St, 16510 Erie, Pennsylvania","US","United States",42.1206233,-80.0203853,"Food Manufacturing","European Commission: TRACES – TRAde Control and Expert System [Public List]","","","","","","","","","","","","","","","","","","","","","","","","","","","","","","","","","","","","","","","","","","False","","","","","","","","","","","","","","","","","","","","","","","","","","","","","","","","","","","","","","","","","","https://livingwage.mit.edu/counties/42049","View local living wage","https://paywizard.org/salary/living-wages","View Living Wages in national language","https://wageindicator.org/salary/minimum-wage/united-states-of-america","View Minimum Wage in English","https://paywizard.org/salary/minimum-wage","View Minimum Wage in national language"
"US20250298GYGXZ","2025-01-29","SFC Global Supply Chain Inc. - Fargo","1307 39th St N, 58102 Fargo, Cass County, North Dakota","US","United States",46.8946427,-96.84333819999999,"Food Manufacturing","European Commission: TRACES – TRAde Control and Expert System [Public List]","","","","","","","","","","","","","","","","","","","","","","","","","","","","","","","","","","","","","","","","","","False","","","","","","","","","","","","","","","","","","","","","","","","","","","","","","","","","","","","","","","","","","https://livingwage.mit.edu/counties/38017","View local living wage","https://paywizard.org/salary/living-wages","View Living Wages in national language","https://wageindicator.org/salary/minimum-wage/united-states-of-america","View Minimum Wage in English","https://paywizard.org/salary/minimum-wage","View Minimum Wage in national language"
"US2025029KREHSZ","2025-01-29","SFC Global Supply Chain Inc. - Stilwell","5 E Walnut St, 74960 Stilwell, Adair County, Oklahoma","US","United States",35.8134484,-94.62542409999999,"Food Manufacturing","European Commission: TRACES – TRAde Control and Expert System [Public List]","","","","","","","","","","","","","","","","","","","","","","","","","","","","","","","","","","","","","","","","","","False","","","","","","","","","","","","","","","","","","","","","","","","","","","","","","","","","","","","","","","","","","https://livingwage.mit.edu/counties/40001","View local living wage","https://paywizard.org/salary/living-wages","View Living Wages in national language","https://wageindicator.org/salary/minimum-wage/united-states-of-america","View Minimum Wage in English","https://paywizard.org/salary/minimum-wage","View Minimum Wage in national language"
"US2025029ZAC2G3","2025-01-29","SFC Global Supply Chain Inc. - SFP","1602 Superior Rd, 56258 Marshall, Lyon County, Minnesota","US","United States",44.4683532,-95.7936814,"Food Manufacturing","European Commission: TRACES – TRAde Control and Expert System [Public List]","","","","","","","","","","","","","","","","","","","","","","","","","","","","","","","","","","","","","","","","","","False","","","","","","","","","","","","","","","","","","","","","","","","","","","","","","","","","","","","","","","","","","https://livingwage.mit.edu/counties/27083","View local living wage","https://paywizard.org/salary/living-wages","View Living Wages in national language","https://wageindicator.org/salary/minimum-wage/united-states-of-america","View Minimum Wage in English","https://paywizard.org/salary/minimum-wage","View Minimum Wage in national language"
"US2025085CNYH7N","2025-03-26","INTEGRATED SUPPLY CHAIN SOLUTIONS LLC","21056 BRIDGE ST, SOUTHFIELD, MI, 48033","US","United States",42.445598,-83.2845337,"Wholesale Trade","US Small Business Administration (SBA) [Public List] ","","null","null","","null","","","","","","","","","","","","","","","","","","","","","","","","","","","","","","","","","","","","","False","","","","","","","","","","","","","","","","","","","","","","","","","","","","","","","","","","","","","","","","","","https://livingwage.mit.edu/counties/26125","View local living wage","https://paywizard.org/salary/living-wages","View Living Wages in national language","https://wageindicator.org/salary/minimum-wage/united-states-of-america","View Minimum Wage in English","https://paywizard.org/salary/minimum-wage","View Minimum Wage in national language"
"US202508625X0NR","2025-03-27","HARVEY SUPPLY CHAIN INTERNATIONAL LLC","200 BERKELEY ST - WEWORK, BOSTON, MA, 02116","US","United States",42.34983829999999,-71.072799,"Chemicals|Manufacturing","US Small Business Administration (SBA) [Public List] ","","null","null","","null","","","","","","","","","","","","","","","","","","","","","","","","","","","","","","","","","","","","","False","","","","","","","","","","","","","","","","","","","","","","","","","","","","","","","","","","","","","","","","","","https://livingwage.mit.edu/counties/25025","View local living wage","https://paywizard.org/salary/living-wages","View Living Wages in national language","https://wageindicator.org/salary/minimum-wage/united-states-of-america","View Minimum Wage in English","https://paywizard.org/salary/minimum-wage","View Minimum Wage in national language"
"US2025086AHANSJ","2025-03-26","PALOGIX SUPPLY CHAIN SERVICES LLC","19176 Hall Rd Ste 125, Clinton Township, MI, 48038","US","United States",42.62674,-82.9317801,"Unspecified","US Small Business Administration (SBA) [Public List] ","","null","null","","null","Transportation","","","","","","","","","","","","","","","","","","","","","","","","","","","","","","","","","","","","False","","","","","","","","","","","","","","","","","","","","","","","","","","","","","","","","","","","","","","","","","","https://livingwage.mit.edu/counties/26099","View local living wage","https://paywizard.org/salary/living-wages","View Living Wages in national language","https://wageindicator.org/salary/minimum-wage/united-states-of-america","View Minimum Wage in English","https://paywizard.org/salary/minimum-wage","View Minimum Wage in national language"
"US2025086YV5AGQ","2025-03-27","AXIS WORLDWIDE SUPPLY CHAIN & LOGISTICS INC","2638 Highway 109 Ste 100, Wildwood, MO, 63040","US","United States",38.5745211,-90.6441004,"Unspecified","US Small Business Administration (SBA) [Public List] ","","null","null","","null","Transportation|Road Transportation","","","","","","","","","","","","","","","","","","","","","","","","","","","","","","","","","","","","False","","","","","","","","","","","","","","","","","","","","","","","","","","","","","","","","","","","","","","","","","","https://livingwage.mit.edu/counties/29189","View local living wage","https://paywizard.org/salary/living-wages","View Living Wages in national language","https://wageindicator.org/salary/minimum-wage/united-states-of-america","View Minimum Wage in English","https://paywizard.org/salary/minimum-wage","View Minimum Wage in national language"
"US2025106VWC10W","2025-04-16","SUPPLY CHAIN SOLUTIONS, INC.","100 enterprise dr, CARBONDALE, PA, 18407","US","United States",41.5865082,-75.4920911,"Wholesale Trade","US Small Business Administration (SBA) [Public List] ","","null","null","","null","","","","","","","","","","","","","","","","","","","","","","","","","","","","","","","","","","","","","False","","","","","","","","","","","","","","","","","","","","","","","","","","","","","","","","","","","","","","","","","","https://livingwage.mit.edu/counties/42069","View local living wage","https://paywizard.org/salary/living-wages","View Living Wages in national language","https://wageindicator.org/salary/minimum-wage/united-states-of-america","View Minimum Wage in English","https://paywizard.org/salary/minimum-wage","View Minimum Wage in national language"
"US2025106ZSH0ST","2024-10-09","SFC Global Supply Chain, Inc. Beverage Plant","113 S 6th St Marshall, Minnesota 56258","US","United States",44.4491177,-95.7948456,"Food","US Food & Drug Administration (FDA) [Public List]","","","","","","","","","","","","","","","","","","","","","","","","","","","","","","","","","","","","","","","","","","False","","","","","","","","","","","","","","","","","","","","","","","","","","","","","","","","","","","","","","","","","","https://livingwage.mit.edu/counties/27083","View local living wage","https://paywizard.org/salary/living-wages","View Living Wages in national language","https://wageindicator.org/salary/minimum-wage/united-states-of-america","View Minimum Wage in English","https://paywizard.org/salary/minimum-wage","View Minimum Wage in national language"
"US2025108J1T4P1","2025-04-18","ELITE SUPPLY CHAIN SERVICES LLC","20301 GRANDE OAKS BLVD #73, ESTERO, FL, 33928","US","United States",26.4390369,-81.7699009,"Unspecified","US Small Business Administration (SBA) [Public List] ","","null","null","","null","Transportation|Road Transportation","","","","","","","","","","","","","","","","","","","","","","","","","","","","","","","","","","","","False","","","","","","","","","","","","","","","","","","","","","","","","","","","","","","","","","","","","","","","","","","https://livingwage.mit.edu/counties/12071","View local living wage","https://paywizard.org/salary/living-wages","View Living Wages in national language","https://wageindicator.org/salary/minimum-wage/united-states-of-america","View Minimum Wage in English","https://paywizard.org/salary/minimum-wage","View Minimum Wage in national language"
"US20251132W3WBY","2024-10-05","DHL Supply Chain","11950 S Harlan Rd Lathrop, California 95330","US","United States",37.8485295,-121.2780391,"Food|Food & Beverage","US Food & Drug Administration (FDA) [Public List]","","","","","","","","","","","","","","","","","","","","","","","","","","","","","","","","","","","","","","","","","","False","","","","","","","","","","","","","","","","","","","","","","","","","","","","","","","","","","","","","","","","","","https://livingwage.mit.edu/counties/06077","View local living wage","https://paywizard.org/salary/living-wages","View Living Wages in national language","https://wageindicator.org/salary/minimum-wage/united-states-of-america","View Minimum Wage in English","https://paywizard.org/salary/minimum-wage","View Minimum Wage in national language"
"US20251133FKMWB","2024-10-08","SFC Global Supply Chain, Inc.","1604 Superior Rd Marshall, Minnesota 56258","US","United States",44.4694159,-95.7922023,"Food","US Food & Drug Administration (FDA) [Public List]","","","","","","","","","","","","","","","","","","","","","","","","","","","","","","","","","","","","","","","","","","False","","","","","","","","","","","","","","","","","","","","","","","","","","","","","","","","","","","","","","","","","","https://livingwage.mit.edu/counties/27083","View local living wage","https://paywizard.org/salary/living-wages","View Living Wages in national language","https://wageindicator.org/salary/minimum-wage/united-states-of-america","View Minimum Wage in English","https://paywizard.org/salary/minimum-wage","View Minimum Wage in national language"
"US202511354RMHW","2024-10-10","DHL Supply Chain (USA)","3610 E Kearney St Unit 6 Springfield, Missouri 65803","US","United States",37.2365106,-93.21977609999999,"Food","US Food & Drug Administration (FDA) [Public List]","","Excel Inc.","","","","","","","","","","","","","","","","","","","","","","","","","","","","","","","","","","","","","","","","False","","","","","","","","","","","","","","","","","","","","","","","","","","","","","","","","","","","","","","","","","","https://livingwage.mit.edu/counties/29077","View local living wage","https://paywizard.org/salary/living-wages","View Living Wages in national language","https://wageindicator.org/salary/minimum-wage/united-states-of-america","View Minimum Wage in English","https://paywizard.org/salary/minimum-wage","View Minimum Wage in national language"
"US202511365BGWR","2024-10-05","Exel Inc. d/b/a DHL Supply Chain (USA)","11045 Technology Pl Ste 400 San Diego, California 92127","US","United States",33.0072509,-117.0922101,"Food|Food & Beverage","US Food & Drug Administration (FDA) [Public List]","","","","","","","","","","","","","","","","","","","","","","","","","","","","","","","","","","","","","","","","","","False","","","","","","","","","","","","","","","","","","","","","","","","","","","","","","","","","","","","","","","","","","https://livingwage.mit.edu/counties/06073","View local living wage","https://paywizard.org/salary/living-wages","View Living Wages in national language","https://wageindicator.org/salary/minimum-wage/united-states-of-america","View Minimum Wage in English","https://paywizard.org/salary/minimum-wage","View Minimum Wage in national language"
"US20251136C5NDF","2024-10-09","DHL Supply Chain USA","10121 Princeton Glendale Rd Cincinnati, Ohio 45246","US","United States",39.3045333,-84.4667371,"Food","US Food & Drug Administration (FDA) [Public List]","","","","","","","","","","","","","","","","","","","","","","","","","","","","","","","","","","","","","","","","","","False","","","","","","","","","","","","","","","","","","","","","","","","","","","","","","","","","","","","","","","","","","https://livingwage.mit.edu/counties/39017","View local living wage","https://paywizard.org/salary/living-wages","View Living Wages in national language","https://wageindicator.org/salary/minimum-wage/united-states-of-america","View Minimum Wage in English","https://paywizard.org/salary/minimum-wage","View Minimum Wage in national language"
"US20251136SGTPN","2024-10-07","Schwan's Global Supply Chain, Inc.","601 Michigan Rd Marshall, Minnesota 56258","US","United States",44.4664194,-95.79236279999999,"Food","US Food & Drug Administration (FDA) [Public List]","","","","","","","","","","","","","","","","","","","","","","","","","","","","","","","","","","","","","","","","","","False","","","","","","","","","","","","","","","","","","","","","","","","","","","","","","","","","","","","","","","","","","https://livingwage.mit.edu/counties/27083","View local living wage","https://paywizard.org/salary/living-wages","View Living Wages in national language","https://wageindicator.org/salary/minimum-wage/united-states-of-america","View Minimum Wage in English","https://paywizard.org/salary/minimum-wage","View Minimum Wage in national language"
"US2025113AQJH82","2024-10-11","Milan Supply Chain Solutions Distribution Services","51 El Morgan Dr Jackson, Tennessee 38305","US","United States",35.6680017,-88.75000109999999,"Food","US Food & Drug Administration (FDA) [Public List]","","","","","","","","","","","","","","","","","","","","","","","","","","","","","","","","","","","","","","","","","","False","","","","","","","","","","","","","","","","","","","","","","","","","","","","","","","","","","","","","","","","","","https://livingwage.mit.edu/counties/47113","View local living wage","https://paywizard.org/salary/living-wages","View Living Wages in national language","https://wageindicator.org/salary/minimum-wage/united-states-of-america","View Minimum Wage in English","https://paywizard.org/salary/minimum-wage","View Minimum Wage in national language"
"US2025113CGYDNJ","2024-10-11","Exel Inc. d/b/a DHL Supply Chain (USA)","6345 Brackbill Blvd Mechanicsburg, Pennsylvania 17050","US","United States",40.2294154,-77.0005556,"Health|Medical Equipment & Services","US Food & Drug Administration (FDA) [Public List]","","","","","","","","","","","","","","","","","","","","","","","","","","","","","","","","","","","","","","","","","","False","","","","","","","","","","","","","","","","","","","","","","","","","","","","","","","","","","","","","","","","","","https://livingwage.mit.edu/counties/42041","View local living wage","https://paywizard.org/salary/living-wages","View Living Wages in national language","https://wageindicator.org/salary/minimum-wage/united-states-of-america","View Minimum Wage in English","https://paywizard.org/salary/minimum-wage","View Minimum Wage in national language"
"US2025113EZKWM6","2024-10-12","Exel Inc. d/b/a DHL Supply Chain (USA)","302 Bordentown Hedding Rd Ste A Bordentown, New Jersey 08505","US","United States",40.1238236,-74.7225929,"Food","US Food & Drug Administration (FDA) [Public List]","","","","","","","","","","","","","","","","","","","","","","","","","","","","","","","","","","","","","","","","","","False","","","","","","","","","","","","","","","","","","","","","","","","","","","","","","","","","","","","","","","","","","https://livingwage.mit.edu/counties/34005","View local living wage","https://paywizard.org/salary/living-wages","View Living Wages in national language","https://wageindicator.org/salary/minimum-wage/united-states-of-america","View Minimum Wage in English","https://paywizard.org/salary/minimum-wage","View Minimum Wage in national language"
"US2025113F6KP4R","2024-10-11","Exel Inc. d/b/a DHL Supply Chain (USA)","597 Alexander Spring Rd Carlisle, Pennsylvania 17015","US","United States",40.1803078,-77.2286517,"Food","US Food & Drug Administration (FDA) [Public List]","","","","","","","","","","","","","","","","","","","","","","","","","","","","","","","","","","","","","","","","","","False","","","","","","","","","","","","","","","","","","","","","","","","","","","","","","","","","","","","","","","","","","https://livingwage.mit.edu/counties/42041","View local living wage","https://paywizard.org/salary/living-wages","View Living Wages in national language","https://wageindicator.org/salary/minimum-wage/united-states-of-america","View Minimum Wage in English","https://paywizard.org/salary/minimum-wage","View Minimum Wage in national language"
"US2025113J3NSD6","2024-10-09","Exel Inc. d/b/a DHL Supply Chain","84 Zions View Rd Ste 100 Manchester, Pennsylvania 17345","US","United States",40.05936620000001,-76.74380359999999,"Health|Healthcare|Pharmaceuticals","US Food & Drug Administration (FDA) [Public List]","","","","","","","","","","","","","","","","","","","","","","","","","","","","","","","","","","","","","","","","","","False","","","","","","","","","","","","","","","","","","","","","","","","","","","","","","","","","","","","","","","","","","https://livingwage.mit.edu/counties/42133","View local living wage","https://paywizard.org/salary/living-wages","View Living Wages in national language","https://wageindicator.org/salary/minimum-wage/united-states-of-america","View Minimum Wage in English","https://paywizard.org/salary/minimum-wage","View Minimum Wage in national language"
"US2025113TKCS9H","2024-10-27","RDM SUPPLY CHAIN SOLUTIONS INC.","9328 TELSTAR AVE, EL MONTE, CA, 91731","US","United States",34.06846,-118.0656026,"Wholesale Trade","US Small Business Administration (SBA) [Public List] ","","","","","","","","","","","","","","","","","","","","","","","","","","","","","","","","","","","","","","","","","","False","","","","","","","","","","","","","","","","","","","","","","","","","","","","","","","","","","","","","","","","","","https://livingwage.mit.edu/counties/06037","View local living wage","https://paywizard.org/salary/living-wages","View Living Wages in national language","https://wageindicator.org/salary/minimum-wage/united-states-of-america","View Minimum Wage in English","https://paywizard.org/salary/minimum-wage","View Minimum Wage in national language"
"US2025113VQMJWA","2024-10-12","Exel Inc. d/b/a DHL Supply Chain (USA)","300 Salem Church Rd Mechanicsburg, Pennsylvania 17050","US","United States",40.235158,-76.99719999999999,"Health|Healthcare|Pharmaceuticals","US Food & Drug Administration (FDA) [Public List]","","","","","","","","","","","","","","","","","","","","","","","","","","","","","","","","","","","","","","","","","","False","","","","","","","","","","","","","","","","","","","","","","","","","","","","","","","","","","","","","","","","","","https://livingwage.mit.edu/counties/42041","View local living wage","https://paywizard.org/salary/living-wages","View Living Wages in national language","https://wageindicator.org/salary/minimum-wage/united-states-of-america","View Minimum Wage in English","https://paywizard.org/salary/minimum-wage","View Minimum Wage in national language"
"US2025113W1XAPG","2024-10-09","DHL Supply Chain","3610 E Kearney St Unit 10 Springfield, Missouri 65803","US","United States",37.2366366,-93.2199328,"Food","US Food & Drug Administration (FDA) [Public List]","","","","","","","","","","","","","","","","","","","","","","","","","","","","","","","","","","","","","","","","","","False","","","","","","","","","","","","","","","","","","","","","","","","","","","","","","","","","","","","","","","","","","https://livingwage.mit.edu/counties/29077","View local living wage","https://paywizard.org/salary/living-wages","View Living Wages in national language","https://wageindicator.org/salary/minimum-wage/united-states-of-america","View Minimum Wage in English","https://paywizard.org/salary/minimum-wage","View Minimum Wage in national language"
"US2025113WVGVSH","2024-10-10","SFC Global Supply Chain Inc. Salina Spice","2717 Arnold Ave Salina, Kansas 67401","US","United States",38.790466,-97.6353352,"Food","US Food & Drug Administration (FDA) [Public List]","","","","","","","","","","","","","","","","","","","","","","","","","","","","","","","","","","","","","","","","","","False","","","","","","","","","","","","","","","","","","","","","","","","","","","","","","","","","","","","","","","","","","https://livingwage.mit.edu/counties/20169","View local living wage","https://paywizard.org/salary/living-wages","View Living Wages in national language","https://wageindicator.org/salary/minimum-wage/united-states-of-america","View Minimum Wage in English","https://paywizard.org/salary/minimum-wage","View Minimum Wage in national language"
"US2025113X4143Z","2024-10-09","Exel Inc. D/B/A DHL Supply Chain (USA)","260 Salem Church Rd Mechanicsburg, Pennsylvania 17050","US","United States",40.237151,-76.9985176,"Health|Medical Equipment & Services","US Food & Drug Administration (FDA) [Public List]","","","","","","","","","","","","","","","","","","","","","","","","","","","","","","","","","","","","","","","","","","False","","","","","","","","","","","","","","","","","","","","","","","","","","","","","","","","","","","","","","","","","","https://livingwage.mit.edu/counties/42041","View local living wage","https://paywizard.org/salary/living-wages","View Living Wages in national language","https://wageindicator.org/salary/minimum-wage/united-states-of-america","View Minimum Wage in English","https://paywizard.org/salary/minimum-wage","View Minimum Wage in national language"
"US2025114DV4V42","2025-04-24","Inmar Supply Chain Solutions Powered by DHL Supply Chain","109 Balzano Drive, Gloversville, New York 12078","US","United States",43.0528506,-74.3437467,"Food","US Food & Drug Administration (FDA) [Public List] (FDA Inspections 10-1-24 to 3-5-25)","","","","","","","","","","","","","","","","","","","","","","","","","","","","","","","","","","","","","","","","","","False","","","","","","","","","","","","","","","","","","","","","","","","","","","","","","","","","","","","","","","","","","https://livingwage.mit.edu/counties/36035","View local living wage","https://paywizard.org/salary/living-wages","View Living Wages in national language","https://wageindicator.org/salary/minimum-wage/united-states-of-america","View Minimum Wage in English","https://paywizard.org/salary/minimum-wage","View Minimum Wage in national language"
"US2025135JPQR1J","2025-05-15","TRIO SUPPLY CHAIN SOLUTIONS LLC","2905 Tech Center Dr, Santa Ana, CA, 92705","US","United States",33.7064588,-117.8554169,"Electronics|Wholesale Trade","US Small Business Administration (SBA) [Public List] ","","","","","","","","","","","","","","","","","","","","","","","","","","","","","","","","","","","","","","","","","","False","","","","","","","","","","","","","","","","","","","","","","","","","","","","","","","","","","","","","","","","","","https://livingwage.mit.edu/counties/06059","View local living wage","https://paywizard.org/salary/living-wages","View Living Wages in national language","https://wageindicator.org/salary/minimum-wage/united-states-of-america","View Minimum Wage in English","https://paywizard.org/salary/minimum-wage","View Minimum Wage in national language"
"US20251431HY5BS","2025-05-23","PULSE SUPPLY CHAIN SOLUTIONS INC","2015 Royal Ln Ste 470, Dallas, TX, 75229","US","United States",32.8987324,-96.9083066,"Electronics|Wholesale Trade","US Small Business Administration (SBA) [Public List] ","","","","","","","","","","","","","","","","","","","","","","","","","","","","","","","","","","","","","","","","","","False","","","","","","","","","","","","","","","","","","","","","","","","","","","","","","","","","","","","","","","","","","https://livingwage.mit.edu/counties/48113","View local living wage","https://paywizard.org/salary/living-wages","View Living Wages in national language","https://wageindicator.org/salary/minimum-wage/united-states-of-america","View Minimum Wage in English","https://paywizard.org/salary/minimum-wage","View Minimum Wage in national language"
"US2025143VAJW9N","2025-05-23","FOXTON SUPPLY CHAIN MANAGEMENT LLC","1722 Pine Knot Dr, Garland, TX, 75044","US","United States",32.9399953,-96.6534214,"Building Construction|Construction","US Small Business Administration (SBA) [Public List] ","","","","","","","","","","","","","","","","","","","","","","","","","","","","","","","","","","","","","","","","","","False","","","","","","","","","","","","","","","","","","","","","","","","","","","","","","","","","","","","","","","","","","https://livingwage.mit.edu/counties/48113","View local living wage","https://paywizard.org/salary/living-wages","View Living Wages in national language","https://wageindicator.org/salary/minimum-wage/united-states-of-america","View Minimum Wage in English","https://paywizard.org/salary/minimum-wage","View Minimum Wage in national language"
"US20252892EYYCW","2025-10-16","PREMIER MANUFACTURING AND SUPPLY CHAIN SERVICES INC","7755 Miller Dr, Frederick, CO, 80504","US","United States",40.1152287,-104.9737942,"Electronics|Manufacturing","US Small Business Administration (SBA) [Public List] ","","","","","","","","","","","","","","","","","","","","","","","","","","","","","","","","","","","","","","","","","","False","","","","","","","","","","","","","","","","","","","","","","","","","","","","","","","","","","","","","","","","","","https://livingwage.mit.edu/counties/08123","View local living wage","https://paywizard.org/salary/living-wages","View Living Wages in national language","https://wageindicator.org/salary/minimum-wage/united-states-of-america","View Minimum Wage in English","https://paywizard.org/salary/minimum-wage","View Minimum Wage in national language"
"US2025289QBX9CR","2025-10-16","SUPPLY CHAIN SOLUTIONS LLC","4017 2nd St, New Iberia, LA, 70560","US","United States",30.0410848,-91.8734903,"Machinery Manufacturing|Maintenance|Manufacturing|Repair","US Small Business Administration (SBA) [Public List] ","","","","","","","","","","","","","","","","","","","","","","","","","","","","","","","","","","","","","","","","","","False","","","","","","","","","","","","","","","","","","","","","","","","","","","","","","","","","","","","","","","","","","https://livingwage.mit.edu/counties/22045","View local living wage","https://paywizard.org/salary/living-wages","View Living Wages in national language","https://wageindicator.org/salary/minimum-wage/united-states-of-america","View Minimum Wage in English","https://paywizard.org/salary/minimum-wage","View Minimum Wage in national language"
"US202529031PWP8","2025-10-17","NEW DAWN SUPPLY CHAIN TECHNOLOGIES LLC","47 Commerce DR, BRISTOL, CT, 06011","US","United States",41.6555474,-72.9097712,"Manufacturing","US Small Business Administration (SBA) [Public List] ","","","","","","","","","","","","","","","","","","","","","","","","","","","","","","","","","","","","","","","","","","False","","","","","","","","","","","","","","","","","","","","","","","","","","","","","","","","","","","","","","","","","","https://livingwage.mit.edu/counties/09003","View local living wage","https://paywizard.org/salary/living-wages","View Living Wages in national language","https://wageindicator.org/salary/minimum-wage/united-states-of-america","View Minimum Wage in English","https://paywizard.org/salary/minimum-wage","View Minimum Wage in national language"
"US202529103XHN3","2025-10-18","ADVANCED SUPPLY CHAIN INTERNATIONAL LLC","2525 GAMBELL ST Ste 405, ANCHORAGE, AK, 99503","US","United States",61.19695959999999,-149.8700084,"Storage","US Small Business Administration (SBA) [Public List] ","","","","","","","","","","","","","","","","","","","","","","","","","","","","","","","","","","","","","","","","","","False","","","","","","","","","","","","","","","","","","","","","","","","","","","","","","","","","","","","","","","","","","https://livingwage.mit.edu/counties/02020","View local living wage","https://paywizard.org/salary/living-wages","View Living Wages in national language","https://wageindicator.org/salary/minimum-wage/united-states-of-america","View Minimum Wage in English","https://paywizard.org/salary/minimum-wage","View Minimum Wage in national language"
"US202529363VYMN","2025-10-20","IDRIVE SUPPLY CHAIN SOLUTIONS INC","1850 W Ashton Blvd Ste 450, LEHI, UT, 84043","US","United States",40.4185841,-111.879205,"Unspecified","US Small Business Administration (SBA) [Public List] ","","","","","","Road Transportation","","","","","","","","","","","","","","","","","","","","","","","","","","","","","","","","","","","","False","","","","","","","","","","","","","","","","","","","","","","","","","","","","","","","","","","","","","","","","","","https://livingwage.mit.edu/counties/49049","View local living wage","https://paywizard.org/salary/living-wages","View Living Wages in national language","https://wageindicator.org/salary/minimum-wage/united-states-of-america","View Minimum Wage in English","https://paywizard.org/salary/minimum-wage","View Minimum Wage in national language"
"US20252952BNKK9","2025-10-22","BANNEKER SUPPLY CHAIN SOLUTIONS INC","582 GREAT RD Suite 101, NORTH SMITHFIELD, RI, 02896","US","United States",41.9966888,-71.5497207,"Storage","US Small Business Administration (SBA) [Public List] ","","","","","","","","","","","","","","","","","","","","","","","","","","","","","","","","","","","","","","","","","","False","","","","","","","","","","","","","","","","","","","","","","","","","","","","","","","","","","","","","","","","","","https://livingwage.mit.edu/counties/44007","View local living wage","https://paywizard.org/salary/living-wages","View Living Wages in national language","https://wageindicator.org/salary/minimum-wage/united-states-of-america","View Minimum Wage in English","https://paywizard.org/salary/minimum-wage","View Minimum Wage in national language"
"US20253236JQ39M","2025-11-19","DC SUPPLY CHAIN SOLUTIONS LLC","5251 S East St Ste 29, Indianapolis, IN, 46227","US","United States",39.689851,-86.14810829999999,"Transportation Equipment|Wholesale Trade","US Small Business Administration (SBA) [Public List] ","5","","","","","","","","","","","","","","","","","","","","","","","","","","","","","","","","","","","","","","","","","False","","","","","","","","","","","","","","","","","","","","","","","","","","","","","","","","","","","","","","","","","","https://livingwage.mit.edu/counties/18097","View local living wage","https://paywizard.org/salary/living-wages","View Living Wages in national language","https://wageindicator.org/salary/minimum-wage/united-states-of-america","View Minimum Wage in English","https://paywizard.org/salary/minimum-wage","View Minimum Wage in national language"
"US2025323CQ3CGV","2025-11-19","ZERO DOWN SUPPLY CHAIN SOLUTIONS","1560 SAWGRASS CORPORATE PKWY 4TH FLOOR, SUNRISE, FL, 33323","US","United States",26.1416442,-80.3398488,"Wholesale Trade","US Small Business Administration (SBA) [Public List] ","5","","","","","Hardware","","","","","","","","","","","","","","","","","","","","","","","","","","","","","","","","","","","","False","","","","","","","","","","","","","","","","","","","","","","","","","","","","","","","","","","","","","","","","","","https://livingwage.mit.edu/counties/12011","View local living wage","https://paywizard.org/salary/living-wages","View Living Wages in national language","https://wageindicator.org/salary/minimum-wage/united-states-of-america","View Minimum Wage in English","https://paywizard.org/salary/minimum-wage","View Minimum Wage in national language"
"US2025323N61942","2025-11-19","SMART SUPPLY CHAIN INC","7324 SOUTHWEST FWY STE 1045, HOUSTON, TX, 77074","US","United States",29.7018321,-95.5181819,"Unspecified","US Small Business Administration (SBA) [Public List] ","8","","","","","Transportation|Road Transportation","","","","","","","","","","","","","","","","","","","","","","","","","","","","","","","","","","","","False","","","","","","","","","","","","","","","","","","","","","","","","","","","","","","","","","","","","","","","","","","https://livingwage.mit.edu/counties/48201","View local living wage","https://paywizard.org/salary/living-wages","View Living Wages in national language","https://wageindicator.org/salary/minimum-wage/united-states-of-america","View Minimum Wage in English","https://paywizard.org/salary/minimum-wage","View Minimum Wage in national language"
"US202535492847V","2025-12-20","UPS SUPPLY CHAIN SOLUTIONS COEFA","12360 E 46 AVE, DENVER, CO 80239","US","United States",39.7771391,-104.8430708,"Storage|Warehousing","US Environmental Protection Agency (EPA) [Public List]","","","","","","","","","","","","","","","","","","","","","","","","","","","","","","","","","","","","","","","","","","False","","","","","","","","","","","","","","","","","","","","","","","","","","","","","","","","","","","","","","","","","","https://livingwage.mit.edu/counties/08031","View local living wage","https://paywizard.org/salary/living-wages","View Living Wages in national language","https://wageindicator.org/salary/minimum-wage/united-states-of-america","View Minimum Wage in English","https://paywizard.org/salary/minimum-wage","View Minimum Wage in national language"
"US2025354AZ4HD8","2025-12-20","GXO LOGISTICS SUPPLY CHAIN INC - KANSAS CITY","1491 UNIVERSAL AVE, KANSAS CITY, MO 64120","US","United States",39.1346438,-94.5042507,"Storage|Warehousing","US Environmental Protection Agency (EPA) [Public List]","","","","","","","","","","","","","","","","","","","","","","","","","","","","","","","","","","","","","","","","","","False","","","","","","","","","","","","","","","","","","","","","","","","","","","","","","","","","","","","","","","","","","https://livingwage.mit.edu/counties/29095","View local living wage","https://paywizard.org/salary/living-wages","View Living Wages in national language","https://wageindicator.org/salary/minimum-wage/united-states-of-america","View Minimum Wage in English","https://paywizard.org/salary/minimum-wage","View Minimum Wage in national language"
"US2025354PZR34H","2025-12-20","NOVEX SUPPLY CHAIN LLC","1085 STATELINE RD E SUITE 100, SOUTHAVEN, MS 38671","US","United States",34.9911566,-89.9717228,"Storage|Warehousing","US Environmental Protection Agency (EPA) [Public List]","","","","","","","","","","","","","","","","","","","","","","","","","","","","","","","","","","","","","","","","","","False","","","","","","","","","","","","","","","","","","","","","","","","","","","","","","","","","","","","","","","","","","https://livingwage.mit.edu/counties/28033","View local living wage","https://paywizard.org/salary/living-wages","View Living Wages in national language","https://wageindicator.org/salary/minimum-wage/united-states-of-america","View Minimum Wage in English","https://paywizard.org/salary/minimum-wage","View Minimum Wage in national language"
"US2025354RAMX3K","2025-12-20","COLORADO SUPPLY CHAIN CENTER","10252 E 51 AVE, DENVER, CO 80239","US","United States",39.789612,-104.869368,"Food|Food & Beverage|Food Industry|Food Manufacturing","US Environmental Protection Agency (EPA) [Public List]","","","","","","","","","","","","","","","","","","","","","","","","","","","","","","","","","","","","","","","","","","False","","","","","","","","","","","","","","","","","","","","","","","","","","","","","","","","","","","","","","","","","","https://livingwage.mit.edu/counties/08031","View local living wage","https://paywizard.org/salary/living-wages","View Living Wages in national language","https://wageindicator.org/salary/minimum-wage/united-states-of-america","View Minimum Wage in English","https://paywizard.org/salary/minimum-wage","View Minimum Wage in national language"
"US2025354W51MH4","2025-12-20","GXO LOGISTICS SUPPLY CHAIN INC - WEST VALLEY CITY","2179 SOUTH COMMERCE CENTER DRIVE, WEST VALLEY CITY, UT 84120","US","United States",40.723419,-111.9928639,"Storage|Warehousing","US Environmental Protection Agency (EPA) [Public List]","","","","","","","","","","","","","","","","","","","","","","","","","","","","","","","","","","","","","","","","","","False","","","","","","","","","","","","","","","","","","","","","","","","","","","","","","","","","","","","","","","","","","https://livingwage.mit.edu/counties/49035","View local living wage","https://paywizard.org/salary/living-wages","View Living Wages in national language","https://wageindicator.org/salary/minimum-wage/united-states-of-america","View Minimum Wage in English","https://paywizard.org/salary/minimum-wage","View Minimum Wage in national language"
"US2025354XT9DBN","2025-12-20","GXO LOGISTICS SUPPLY CHAIN INC - BOEING SC","7405 MAGI ROAD, HANAHAN, SC 29410","US","United States",32.9501732,-80.0103993,"Storage|Warehousing","US Environmental Protection Agency (EPA) [Public List]","","","","","","","","","","","","","","","","","","","","","","","","","","","","","","","","","","","","","","","","","","False","","","","","","","","","","","","","","","","","","","","","","","","","","","","","","","","","","","","","","","","","","https://livingwage.mit.edu/counties/45015","View local living wage","https://paywizard.org/salary/living-wages","View Living Wages in national language","https://wageindicator.org/salary/minimum-wage/united-states-of-america","View Minimum Wage in English","https://paywizard.org/salary/minimum-wage","View Minimum Wage in national language"
"US2025354ZP7WWH","2025-12-20","UPS SUPPLY CHAIN SOLUTIONS AKACR","4000 W 50TH STREET, ANCHORAGE, AK 99501","US","United States",61.17542699999999,-149.9595592,"Storage|Warehousing","US Environmental Protection Agency (EPA) [Public List]","","","","","","","","","","","","","","","","","","","","","","","","","","","","","","","","","","","","","","","","","","False","","","","","","","","","","","","","","","","","","","","","","","","","","","","","","","","","","","","","","","","","","https://livingwage.mit.edu/counties/02020","View local living wage","https://paywizard.org/salary/living-wages","View Living Wages in national language","https://wageindicator.org/salary/minimum-wage/united-states-of-america","View Minimum Wage in English","https://paywizard.org/salary/minimum-wage","View Minimum Wage in national language"
"ZW2025057EKE0H6","2025-02-26","Institute of Supply Chain Management zimbabwe","43 Pringle Road Mandara Harare, Harare, Harare","ZW","Zimbabwe",-17.8002124,31.1452769,"Unspecified","Open Supply Hub Research Team [Public Data]","","","","","","","","","","","","","","","","","","","","","","","","","","","","","","","","","","","","","","","","","","False","","","","","","","","","","","","","","","","","","","","","","","","","","","","","","","","","","","","","","","","","","","","https://mywage.org/zimbabwe/salary/living-wages","View Living Wages in national language","https://wageindicator.org/salary/minimum-wage/zimbabwe","View Minimum Wage in English","https://wageindicator.org/en-zw/work-in-zimbabwe/minimum-wage","View Minimum Wage in national language"
"ZW2025057GDC64S","2025-02-26","M-LO SUPPLY CHAIN SOLUTIONS","STAND No.15 TUNSGATE ROAD, NORTHWOOD, MT PLEASANT, HARARE, Harare, Harare","ZW","Zimbabwe",-17.7505903,31.0519426,"Unspecified","Open Supply Hub Research Team [Public Data]","","","","","","","","","","","","","","","","","","","","","","","","","","","","","","","","","","","","","","","","","","False","","","","","","","","","","","","","","","","","","","","","","","","","","","","","","","","","","","","","","","","","","","","https://mywage.org/zimbabwe/salary/living-wages","View Living Wages in national language","https://wageindicator.org/salary/minimum-wage/zimbabwe","View Minimum Wage in English","https://wageindicator.org/en-zw/work-in-zimbabwe/minimum-wage","View Minimum Wage in national language"
"ZW2025057MKGFKZ","2025-02-26","Novus Supply Chain Pvt Ltd","Novus Supply Chain Pvt Ltd 18530 Rockview West Harare, Harare, Harare","ZW","Zimbabwe",-17.8960433,31.1853557,"Unspecified","Open Supply Hub Research Team [Public Data]","","","","","","","","","","","","","","","","","","","","","","","","","","","","","","","","","","","","","","","","","","False","","","","","","","","","","","","","","","","","","","","","","","","","","","","","","","","","","","","","","","","","","","","https://mywage.org/zimbabwe/salary/living-wages","View Living Wages in national language","https://wageindicator.org/salary/minimum-wage/zimbabwe","View Minimum Wage in English","https://wageindicator.org/en-zw/work-in-zimbabwe/minimum-wage","View Minimum Wage in national language"
"ZW2025057SAQCAP","2025-02-26","Vanquisher Supply Chain Solutions Pvt Ltd","25 Watt Road Adbernnie, Harare, Harare","ZW","Zimbabwe",-17.8775849,31.0163102,"Unspecified","Open Supply Hub Research Team [Public Data]","","","","","","","","","","","","","","","","","","","","","","","","","","","","","","","","","","","","","","","","","","False","","","","","","","","","","","","","","","","","","","","","","","","","","","","","","","","","","","","","","","","","","","","https://mywage.org/zimbabwe/salary/living-wages","View Living Wages in national language","https://wageindicator.org/salary/minimum-wage/zimbabwe","View Minimum Wage in English","https://wageindicator.org/en-zw/work-in-zimbabwe/minimum-wage","View Minimum Wage in national language"
"ZW2025057VDZW3C","2025-02-26","LEAGILITY SUPPLY CHAINS","100 BAINES AVENUE HARARE, Harare, Harare","ZW","Zimbabwe",-17.8187436,31.0488055,"Unspecified","Open Supply Hub Research Team [Public Data]","","","","","","","","","","","","","","","","","","","","","","","","","","","","","","","","","","","","","","","","","","False","","","","","","","","","","","","","","","","","","","","","","","","","","","","","","","","","","","","","","","","","","","","https://mywage.org/zimbabwe/salary/living-wages","View Living Wages in national language","https://wageindicator.org/salary/minimum-wage/zimbabwe","View Minimum Wage in English","https://wageindicator.org/en-zw/work-in-zimbabwe/minimum-wage","View Minimum Wage in national language"
"ZW2025057XRPBEA","2025-02-26","LEAGILITY SUPPLY CHAIN","1884 TYNWALD SOUTH, Harare, Harare","ZW","Zimbabwe",-17.8039091,30.967874,"Unspecified","Open Supply Hub Research Team [Public Data]","","","","","","","","","","","","","","","","","","","","","","","","","","","","","","","","","","","","","","","","","","False","","","","","","","","","","","","","","","","","","","","","","","","","","","","","","","","","","","","","","","","","","","","https://mywage.org/zimbabwe/salary/living-wages","View Living Wages in national language","https://wageindicator.org/salary/minimum-wage/zimbabwe","View Minimum Wage in English","https://wageindicator.org/en-zw/work-in-zimbabwe/minimum-wage","View Minimum Wage in national language"
"ZW2025057ZCBP4P","2025-02-26","STAPLEX SUPPLY CHAIN PVT LTD","20 RICHWELL GARDENS MABELREIGN HARARE, Harare, Harare","ZW","Zimbabwe",-17.8086454,31.0010686,"Unspecified","Open Supply Hub Research Team [Public Data]","","","","","","","","","","","","","","","","","","","","","","","","","","","","","","","","","","","","","","","","","","False","","","","","","","","","","","","","","","","","","","","","","","","","","","","","","","","","","","","","","","","","","","","https://mywage.org/zimbabwe/salary/living-wages","View Living Wages in national language","https://wageindicator.org/salary/minimum-wage/zimbabwe","View Minimum Wage in English","https://wageindicator.org/en-zw/work-in-zimbabwe/minimum-wage","View Minimum Wage in national language"
"ZW20250582H7607","2025-02-27","Mestic Supply Chain Pvt limited","Suite 623 Batanayi Gardens Corner Jason Moyo and First Street Harare Zimbabwe, Harare, Harare","ZW","Zimbabwe",-17.8312281,31.0495005,"Unspecified","Open Supply Hub Research Team [Public Data]","","","","","","","","","","","","","","","","","","","","","","","","","","","","","","","","","","","","","","","","","","False","","","","","","","","","","","","","","","","","","","","","","","","","","","","","","","","","","","","","","","","","","","","https://mywage.org/zimbabwe/salary/living-wages","View Living Wages in national language","https://wageindicator.org/salary/minimum-wage/zimbabwe","View Minimum Wage in English","https://wageindicator.org/en-zw/work-in-zimbabwe/minimum-wage","View Minimum Wage in national language"
"ZW2025058HF6EXR","2025-02-27","RUVENTS SUPPLY CHAIN (PVT) LTD","11 LIVERPOOL ROAD, DONNINGTON, BULAWAYO, Bulawayo, Bulawayo","ZW","Zimbabwe",-20.1804491,28.5655713,"Unspecified","Open Supply Hub Research Team [Public Data]","","","","","","","","","","","","","","","","","","","","","","","","","","","","","","","","","","","","","","","","","","False","","","","","","","","","","","","","","","","","","","","","","","","","","","","","","","","","","","","","","","","","","","","https://mywage.org/zimbabwe/salary/living-wages","View Living Wages in national language","https://wageindicator.org/salary/minimum-wage/zimbabwe","View Minimum Wage in English","https://wageindicator.org/en-zw/work-in-zimbabwe/minimum-wage","View Minimum Wage in national language"
"ZW2025058TA4980","2025-02-27","KUMBULANI SUPPLY CHAIN SOLUTIONS (PRIVATE) LIMITED","SHOP 34 ARUNDEL VILLAGE, MOUNT PLEASANT HARARE, Harare, Harare","ZW","Zimbabwe",-17.7632692,31.050393,"Unspecified","Open Supply Hub Research Team [Public Data]","","","","","","","","","","","","","","","","","","","","","","","","","","","","","","","","","","","","","","","","","","False","","","","","","","","","","","","","","","","","","","","","","","","","","","","","","","","","","","","","","","","","","","","https://mywage.org/zimbabwe/salary/living-wages","View Living Wages in national language","https://wageindicator.org/salary/minimum-wage/zimbabwe","View Minimum Wage in English","https://wageindicator.org/en-zw/work-in-zimbabwe/minimum-wage","View Minimum Wage in national language"
